<TICKER>,<DTYYYYMMDD>,<OPEN>,<HIGH>,<LOW>,<CLOSE>,<VOL>
1DIV,20160122,9,9.15,9,9.15,600
CHINA,20160122,5.35,5.37,5.28,5.37,449900
EFOOD,20160122,4.58,4.58,4.58,4.58,1900
ENGY,20160122,3.38,3.48,3.38,3.48,3300
GLD,20160122,1.76,1.76,1.74,1.74,601100
TDEX,20160122,7.9,8.04,7.9,8.04,272200
TGOLDETF,20160122,3.83,3.83,3.81,3.81,17000
2S,20160122,2.56,2.66,2.52,2.62,1600
A,20160122,6.25,6.3,6.25,6.25,53100
AAV,20160122,5.55,5.6,5.4,5.4,12520500
ABC,20160122,0.48,0.48,0.47,0.47,2088400
ABICO,20160122,6.45,6.5,6.45,6.5,43700
ABPIF,20160122,8.1,8.1,8.1,8.1,16000
ACAP,20160122,13.2,13.4,13.1,13.2,69100
ACC,20160122,0.93,0.94,0.91,0.91,1708200
ADVANC,20160122,160,160,158,159,9898700
AEC,20160122,0.39,0.4,0.39,0.39,735900
AEONTS,20160122,93.25,93.25,92.5,93.25,10100
AF,20160122,0.5,0.5,0.5,0.5,111100
AFC,20160122,8.5,8.5,8.45,8.45,200
AGE,20160122,1.17,1.19,1.16,1.18,475700
AH,20160122,10.1,10.3,10,10.3,75800
AHC,20160122,36,36,35.75,36,13100
AIRA,20160122,2.16,2.2,2.16,2.2,330800
AIT,20160122,26.5,26.75,26.25,26.5,219900
AJ,20160122,5.65,5.7,5.65,5.65,27500
AJD,20160122,1.11,1.15,1.11,1.12,39960500
AKP,20160122,2.6,2.62,2.56,2.58,885700
AKR,20160122,1.43,1.43,1.39,1.39,8497000
AMANAH,20160122,0.66,0.66,0.65,0.65,100500
AMARIN,20160122,8.25,8.45,8.2,8.25,24100
AMATA,20160122,12.1,12.2,11.8,11.9,2606000
AMATAR,20160122,11.9,11.9,11.8,11.8,2000
AMATAV,20160122,10.2,10.2,10,10.2,1397600
AMC,20160122,1.32,1.35,1.32,1.32,191500
ANAN,20160122,3.58,3.58,3.44,3.5,7956300
AOT,20160122,352,352,347,350,1719500
AP,20160122,5.45,5.5,5.4,5.45,5750400
APCO,20160122,1.54,1.57,1.54,1.56,701500
APCS,20160122,5.05,5.1,5,5.1,243300
APURE,20160122,1.38,1.4,1.38,1.38,253700
AQUA,20160122,0.7,0.71,0.7,0.71,996300
ARIP,20160122,0.81,0.88,0.81,0.83,7398000
ARROW,20160122,12.6,12.7,12.4,12.5,94800
AS,20160122,3.54,3.54,3.54,3.54,4600
ASEFA,20160122,6.15,6.3,6.05,6.3,49100400
ASIA,20160122,81.5,81.5,81.5,81.5,700
ASIAN,20160122,4.1,4.1,4,4.06,135100
ASIMAR,20160122,4.22,4.3,4.1,4.2,31631000
ASK,20160122,19.8,19.9,19.7,19.9,89800
ASP,20160122,3.36,3.38,3.32,3.38,1895600
ATP30,20160122,1.27,1.28,1.25,1.25,12219400
AUCT,20160122,9.9,9.95,9.8,9.85,421700
AYUD,20160122,35,35,34.75,34.75,11300
BA,20160122,24.7,24.8,24.5,24.6,3608800
BAFS,20160122,28.25,28.5,27.75,28,359200
BANPU,20160122,14.9,15.3,14.8,15.2,10453100
BAT-3K,20160122,73,73,72.75,73,29800
BAY,20160122,30.5,30.5,29.75,30.25,1279200
BBL,20160122,146,147.5,144.5,146.5,5684900
BCH,20160122,8.45,8.6,8.35,8.55,8400600
BCP,20160122,29.75,30.25,29.25,29.5,14721000
BDMS,20160122,21.5,21.6,21.4,21.5,27700400
BEAUTY,20160122,5.45,5.55,5.25,5.45,25802200
BEC,20160122,29.5,30,28.75,28.75,2752000
BEM,20160122,5.6,5.6,5.45,5.5,72772400
BFIT,20160122,5.95,6,5.9,5.9,15600
BGT,20160122,1.13,1.14,1.11,1.13,274400
BH,20160122,218,222,216,221,1355400
BIG,20160122,1.75,1.87,1.71,1.83,123498900
BIGC,20160122,232,233,230,230,170100
BJC,20160122,33,33.5,32.75,33,141600
BJCHI,20160122,5.85,5.9,5.8,5.85,2082800
BKD,20160122,3.34,3.46,3.34,3.38,10812300
BKI,20160122,358,359,358,358,500
BKKCP,20160122,9.6,9.6,9.6,9.6,56200
BLA,20160122,48.25,49.25,48,48.5,3004700
BLAND,20160122,1.41,1.43,1.41,1.43,12830600
BOL,20160122,1.75,1.77,1.75,1.77,13600
BR,20160122,6.5,6.95,6.35,6.85,29481000
BROCK,20160122,2.48,2.5,2.46,2.5,6600
BROOK,20160122,0.6,0.61,0.59,0.6,3530800
BRR,20160122,12.8,12.8,12.6,12.7,372000
BSBM,20160122,0.65,0.68,0.65,0.66,3792000
BSM,20160122,0.6,0.61,0.59,0.59,6355800
BTC,20160122,0.17,0.17,0.14,0.16,78217900
BTS,20160122,8.45,8.45,8.35,8.4,15534200
BTSGIF,20160122,10.2,10.2,10.1,10.1,17457600
BWG,20160122,1.46,1.47,1.43,1.43,52908400
CBG,20160122,39,39,38.25,38.5,674400
CCET,20160122,3.42,3.46,3.4,3.42,440300
CCN,20160122,2.12,2.16,2.1,2.14,255100
CCP,20160122,0.73,0.74,0.72,0.74,2882400
CEN,20160122,2.04,2.04,2.02,2.04,748600
CENTEL,20160122,40.75,41.25,40.25,40.75,2208900
CFRESH,20160122,8,8.1,7.95,8.1,167800
CGD,20160122,1.13,1.13,1.12,1.13,3602700
CGH,20160122,1.3,1.38,1.3,1.36,2302500
CHARAN,20160122,34.75,35,34.75,35,200
CHG,20160122,2.5,2.52,2.44,2.5,93731600
CHO,20160122,1.73,1.76,1.66,1.66,27775100
CHOTI,20160122,116,116.5,116,116.5,300
CHOW,20160122,4.86,4.9,4.86,4.9,238700
CHUO,20160122,5.5,5.5,5.15,5.2,221400
CI,20160122,2.26,2.32,2.24,2.3,3397600
CIG,20160122,0.64,0.67,0.63,0.66,3993300
CIMBT,20160122,1.08,1.09,1.07,1.08,321200
CITY,20160122,3.26,3.3,3.24,3.28,57200
CK,20160122,27,27,26.5,26.5,7155100
CKP,20160122,2.02,2.04,1.98,2.02,14076900
CM,20160122,3.86,3.86,3.84,3.84,6300
CMO,20160122,1.66,1.71,1.64,1.64,534000
CMR,20160122,321,321,315,317,1700
CNS,20160122,2.4,2.44,2.38,2.4,649900
CNT,20160122,3.02,3.04,2.98,3,239200
COL,20160122,36.5,37,36.5,36.5,43300
COLOR,20160122,1.3,1.3,1.29,1.3,71500
COM7,20160122,6.25,6.4,6.15,6.4,29260100
CPALL,20160122,40.25,40.75,39.5,40.25,17746400
CPF,20160122,18.3,18.6,18.1,18.2,31229500
CPH,20160122,7.95,8,7.95,8,1300
CPI,20160122,1.52,1.58,1.52,1.54,97400
CPN,20160122,44.25,44.5,43.5,43.75,5159400
CPNCG,20160122,13.3,13.4,13.3,13.4,450000
CPNRF,20160122,17.6,17.8,17.5,17.7,373800
CPR,20160122,7.3,7.5,7.25,7.35,5049100
CPTGF,20160122,10.5,10.6,10.4,10.6,1056200
CRANE,20160122,2.34,2.34,2.32,2.32,264900
CRYSTAL,20160122,10.3,10.3,10.3,10.3,7900
CSC,20160122,51.75,52,51.25,52,6200
CSL,20160122,6,6.05,6,6,110700
CSP,20160122,1.71,1.72,1.7,1.7,7400
CSR,20160122,60.5,60.5,60.5,60.5,200
CSS,20160122,4.4,4.42,4.38,4.38,7242600
CTARAF,20160122,3.68,3.68,3.68,3.68,5300
CTW,20160122,8.1,8.2,7.9,8.2,24600
CWT,20160122,2.14,2.18,2.06,2.06,8343100
DAII,20160122,3.96,3.98,3.94,3.94,436700
DCC,20160122,4.18,4.28,4.18,4.26,3552700
DCON,20160122,0.53,0.54,0.52,0.53,9119800
DCORP,20160122,7.35,7.6,7.35,7.6,659900
DELTA,20160122,78.5,78.5,75.75,77,1525100
DEMCO,20160122,7.15,7.25,7.1,7.25,2429300
DIF,20160122,12.5,12.6,12.5,12.6,14182300
DIMET,20160122,6.7,6.7,6.35,6.35,1993100
DNA,20160122,1.7,1.71,1.7,1.71,571500
DRACO,20160122,4.02,4.04,4.02,4.04,2000
DRT,20160122,4.06,4.08,4.02,4.08,82100
DSGT,20160122,3,3.02,3,3.02,53600
DTAC,20160122,35.5,35.5,34.25,34.75,7613600
DTC,20160122,66.5,68,66.5,68,21800
DTCPF,20160122,9,9,9,9,1500
EA,20160122,22.3,22.6,22.2,22.3,11317000
EARTH,20160122,4.72,4.78,4.72,4.74,3509100
EASON,20160122,3.08,3.08,3.08,3.08,8500
EASTW,20160122,11.5,11.6,11.5,11.6,439700
ECF,20160122,3.28,3.32,3.28,3.3,324900
ECL,20160122,1.82,1.97,1.82,1.89,48820500
EE,20160122,0.93,0.97,0.93,0.94,3307600
EFORL,20160122,0.67,0.69,0.67,0.69,23358000
EGATIF,20160122,10.3,10.3,10.3,10.3,498800
EGCO,20160122,158,161,156.5,158,934000
EIC,20160122,1.07,1.08,1.05,1.06,4865100
EMC,20160122,0.19,0.21,0.19,0.2,45170100
EPCO,20160122,5.35,5.35,5.25,5.25,1106800
EPG,20160122,14.8,14.9,14.5,14.6,12592000
ERW,20160122,3.92,3.96,3.92,3.96,1968100
ESSO,20160122,4.88,4.9,4.84,4.86,581500
ESTAR,20160122,0.56,0.58,0.56,0.58,7295500
EVER,20160122,0.61,0.62,0.6,0.6,10078900
F&D,20160122,22.1,22.1,22,22.1,2000
FANCY,20160122,2.48,2.5,2.34,2.48,2719700
FC,20160122,0.58,0.58,0.58,0.58,534500
FER,20160122,1.12,1.14,1.1,1.1,51039100
FMT,20160122,28,29.5,28,29.5,1800
FNS,20160122,4.62,4.64,4.6,4.6,48800
FOCUS,20160122,2.56,2.56,2.44,2.54,222700
FORTH,20160122,7.35,7.4,7.25,7.25,3087900
FPI,20160122,4.26,4.26,4.18,4.22,280900
FSMART,20160122,15.4,15.4,15.2,15.2,1076300
FSS,20160122,2.86,2.9,2.86,2.9,95700
FUTUREPF,20160122,20.3,20.4,20.3,20.4,118300
FVC,20160122,2.98,2.98,2.84,2.94,14000
GBX,20160122,0.71,0.73,0.71,0.73,134200
GC,20160122,4.2,4.24,4.18,4.24,207900
GCAP,20160122,2.5,2.5,2.46,2.46,126800
GEL,20160122,0.52,0.53,0.51,0.52,5301500
GENCO,20160122,1.46,1.51,1.43,1.51,15616100
GFPT,20160122,11.4,11.5,11,11.1,2132100
GIFT,20160122,2.82,2.84,2.8,2.84,40200
GJS,20160122,0.12,0.13,0.12,0.13,798000
GL,20160122,20.5,20.6,19.5,19.9,19205500
GLAND,20160122,2.82,2.84,2.82,2.82,37400
GLOBAL,20160122,8.9,9.25,8.85,9.2,4193100
GLOW,20160122,75.75,76.25,74.75,75.5,836000
GOLD,20160122,5.8,5.85,5.65,5.8,807500
GOLDPF,20160122,5.5,5.5,5.5,5.5,8000
GPSC,20160122,22.8,22.9,22.5,22.8,2054700
GRAMMY,20160122,7.8,7.8,7.65,7.75,168700
GRAND,20160122,0.76,0.78,0.76,0.78,1124000
GREEN,20160122,1.44,1.45,1.32,1.38,12184900
GSTEL,20160122,0.18,0.19,0.18,0.19,231800
GUNKUL,20160122,23.8,23.8,23.6,23.7,3589100
GYT,20160122,444,444,444,444,300
HANA,20160122,31.75,32.25,31,31.25,617300
HARN,20160122,2.12,2.12,2.1,2.12,64600
HFT,20160122,5.65,5.75,5.6,5.7,10476500
HMPRO,20160122,6.85,6.95,6.75,6.85,12919800
HOTPOT,20160122,2.08,2.08,2.08,2.08,600
HPF,20160122,8.65,8.65,8.65,8.65,1000
HPT,20160122,1.18,1.18,1.15,1.16,1008500
HTC,20160122,12.9,12.9,12.7,12.7,200
HTECH,20160122,2.38,2.42,2.36,2.42,142400
HYDRO,20160122,1.34,1.34,1.32,1.32,23700
ICC,20160122,38.25,38.25,38.25,38.25,1000
ICHI,20160122,12.2,12.4,12.2,12.3,510100
IEC,20160122,0.03,0.04,0.03,0.03,365730100
IFEC,20160122,6.75,6.85,6.65,6.7,51041900
IFS,20160122,2.58,2.64,2.56,2.64,518700
IHL,20160122,6.95,6.95,6.95,6.95,1000
ILINK,20160122,17.2,17.2,17,17,271100
IMPACT,20160122,11.6,11.8,11.6,11.8,2614200
INET,20160122,4.3,4.46,4.28,4.44,4481400
INOX,20160122,0.8,0.82,0.79,0.81,75200
INTUCH,20160122,54,54,53.25,53.5,12547000
IRC,20160122,18.7,19,18.6,19,2500
IRCP,20160122,4.98,5,4.88,4.88,1071300
IRPC,20160122,4.38,4.5,4.36,4.44,97889300
IT,20160122,2.24,2.28,2.24,2.28,68500
ITD,20160122,7,7.1,6.95,7,37373000
IVL,20160122,20.7,21.2,20.5,20.9,15434400
J,20160122,3.3,3.34,3.26,3.32,16025700
JAS,20160122,2.96,3,2.94,3,472324900
JASIF,20160122,8.7,8.75,8.65,8.7,1868400
JCT,20160122,81,81,80.5,80.5,2200
JMART,20160122,7.4,7.7,7.4,7.4,1104400
JMT,20160122,11.4,11.5,11.4,11.4,92400
JSP,20160122,1.25,1.26,1.24,1.25,4344600
JTS,20160122,1.8,1.94,1.8,1.89,23014000
JUBILE,20160122,17.9,18,17.8,18,7500
JUTHA,20160122,2.02,2.02,1.98,2,12500
JWD,20160122,24.5,25,24.1,24.7,757600
K,20160122,6,6.05,6,6.05,488700
KAMART,20160122,7.3,7.65,7.3,7.65,5861300
KASET,20160122,2.48,2.54,2.4,2.5,14400
KBANK,20160122,161,165,160,163,12073700
KBS,20160122,6.15,6.25,6.1,6.15,165900
KC,20160122,2.12,2.14,2.1,2.12,1279200
KCAR,20160122,8.85,9.1,8.8,9.05,20500
KCE,20160122,75.5,79.5,75.25,79.25,2837200
KCM,20160122,0.96,0.99,0.95,0.96,2240900
KGI,20160122,3.34,3.38,3.34,3.38,2092400
KIAT,20160122,0.72,0.73,0.71,0.72,16763100
KKC,20160122,3.82,3.82,3.74,3.82,2826300
KKP,20160122,38,38.75,37.75,38.75,2881400
KOOL,20160122,1.13,1.17,1.12,1.15,1058100
KPNPF,20160122,10.2,10.2,10.2,10.2,2100
KSL,20160122,3.66,3.8,3.66,3.8,584400
KTB,20160122,17,17.6,16.9,17.5,110526000
KTC,20160122,88.75,89.75,88.5,88.75,476500
KTIS,20160122,7.4,7.5,7.4,7.45,73700
KWC,20160122,186,186,186,186,100
KWG,20160122,2.08,2.08,2.04,2.06,86900
KYE,20160122,285,288,285,287,6100
L&E,20160122,3.58,3.66,3.58,3.58,38600
LALIN,20160122,3.72,3.72,3.7,3.7,83300
LANNA,20160122,8.9,9,8.9,9,41000
LDC,20160122,2.3,2.38,2.3,2.34,151000
LEE,20160122,2.6,2.64,2.6,2.62,221100
LH,20160122,8.65,8.85,8.6,8.7,29953900
LHBANK,20160122,1.52,1.54,1.52,1.52,15529600
LHHOTEL,20160122,10.2,10.2,10,10,271600
LHK,20160122,2.7,2.7,2.62,2.64,119400
LHPF,20160122,8.75,8.75,8.7,8.7,36000
LHSC,20160122,10.6,10.6,10.5,10.6,281000
LIT,20160122,8.55,8.75,8.5,8.7,8139800
LOXLEY,20160122,2.42,2.42,2.36,2.42,4780500
LPH,20160122,6.65,6.85,6.6,6.75,10301200
LPN,20160122,14.3,14.4,14,14.2,8054600
LRH,20160122,23.4,23.4,23.3,23.3,200
LST,20160122,3.96,3.96,3.94,3.94,8300
LTX,20160122,64.5,64.5,64.25,64.25,1500
LUXF,20160122,5.95,6,5.95,6,10000
M,20160122,54,54.75,53.75,54.5,548500
M-STOR,20160122,10.2,10.2,10.1,10.1,5400
MACO,20160122,0.84,0.85,0.84,0.85,3197700
MAJOR,20160122,29,29.25,28.5,28.5,3193900
MAKRO,20160122,35.75,35.75,35.5,35.75,6900
MALEE,20160122,30.75,31,30,31,216400
MATCH,20160122,1.64,1.64,1.62,1.63,45300
MATI,20160122,5.5,5.65,5.5,5.6,21000
MAX,20160122,0.22,0.23,0.21,0.22,52152600
MBAX,20160122,5.7,5.8,5.7,5.75,317300
MBK,20160122,14,14.1,14,14.1,363900
MBKET,20160122,23,23.2,22.9,22.9,33800
MC,20160122,11.8,11.8,11.7,11.7,187900
MCOT,20160122,9,9,8.85,8.9,222100
MCS,20160122,10.8,11.2,10.8,11.1,7060800
MDX,20160122,5.05,5.1,5,5.05,570100
MEGA,20160122,16.1,16.3,16.1,16.3,355400
METCO,20160122,277,278,276,276,1700
MFC,20160122,24.8,24.8,24.8,24.8,5600
MFEC,20160122,5,5,4.98,4.98,351700
MIDA,20160122,0.91,0.95,0.91,0.92,5638900
MILL,20160122,1.14,1.16,1.13,1.15,4565100
MINT,20160122,32,33.25,31.75,33,11800700
MJD,20160122,2.42,2.46,2.4,2.44,147800
MJLF,20160122,13,13,13,13,36200
MK,20160122,4.22,4.26,4.2,4.24,633100
ML,20160122,1.44,1.47,1.42,1.45,2201700
MNIT2,20160122,7.55,7.55,7.5,7.5,12500
MNRF,20160122,4.88,4.88,4.88,4.88,100
MODERN,20160122,7.45,7.6,7.4,7.6,82000
MONO,20160122,2.04,2.08,2.02,2.06,903000
MOONG,20160122,4.9,4.92,4.88,4.92,32800
MPG,20160122,1,1.02,0.98,1,353400
MPIC,20160122,1.65,1.72,1.65,1.67,400
MSC,20160122,5.15,5.2,5.1,5.2,53300
MTI,20160122,148,148,148,148,12800
MTLS,20160122,20,20.4,20,20.2,5621900
NBC,20160122,2.52,2.52,2.46,2.46,600
NC,20160122,16.3,16.7,16.3,16.7,1100
NCH,20160122,1.43,1.44,1.42,1.42,485400
NCL,20160122,2.08,2.1,1.98,2.02,3384700
NDR,20160122,3.96,3.98,3.94,3.98,1051800
NEP,20160122,0.47,0.47,0.45,0.47,162700
NEWS,20160122,0.17,0.17,0.16,0.17,8188100
NINE,20160122,2.12,2.16,2.12,2.16,58300
NMG,20160122,1.38,1.39,1.37,1.38,328800
NNCL,20160122,1.03,1.03,1.01,1.02,895400
NOBLE,20160122,11.5,11.6,11.5,11.5,13000
NOK,20160122,7.75,7.75,7.55,7.55,657400
NPP,20160122,1.48,1.49,1.46,1.47,881700
NSI,20160122,91,92.5,91,91.75,1900
NTV,20160122,39,39.25,39,39.25,6500
NUSA,20160122,0.53,0.55,0.53,0.54,19912600
NWR,20160122,1.08,1.1,1.07,1.09,13566500
NYT,20160122,14.9,14.9,14.8,14.8,2400
OCC,20160122,15.9,15.9,15.9,15.9,100
OCEAN,20160122,0.6,0.63,0.58,0.59,9583000
OGC,20160122,54.25,55.25,54,55.25,9000
OHTL,20160122,1000,1000,1000,1000,300
OISHI,20160122,63.75,63.75,62,63.75,4200
ORI,20160122,12.8,12.9,12.7,12.8,399800
OTO,20160122,4.8,4.8,4.8,4.8,12600
PACE,20160122,2.36,2.4,2.34,2.36,623700
PAE,20160122,0.14,0.16,0.14,0.15,73082600
PAF,20160122,2.68,2.72,2.68,2.7,400700
PAP,20160122,2.86,2.9,2.84,2.9,43300
PATO,20160122,10.5,10.6,10.5,10.5,38700
PB,20160122,48.5,48.5,48.5,48.5,300
PCA,20160122,3.5,3.54,3.44,3.48,209900
PCSGH,20160122,5.2,5.2,5.1,5.15,186800
PDG,20160122,4.06,4.12,3.96,4.06,751500
PDI,20160122,10.6,10.6,10.2,10.3,393600
PE,20160122,0.91,0.92,0.91,0.91,1151800
PERM,20160122,1.06,1.27,1.06,1.2,25011200
PF,20160122,0.77,0.78,0.77,0.78,2266200
PG,20160122,8.55,8.6,8.45,8.55,7000
PHOL,20160122,3.1,3.12,3.06,3.12,86000
PICO,20160122,2.74,2.78,2.72,2.78,827400
PIMO,20160122,1.88,1.9,1.86,1.87,8241200
PJW,20160122,2.26,2.26,2.2,2.24,90900
PK,20160122,3.78,3.78,3.7,3.74,1382200
PL,20160122,3.7,3.74,3.68,3.7,44700
PLANB,20160122,6.65,6.7,6.3,6.65,19656200
PLAT,20160122,5,5.2,4.98,5.2,5417900
PLE,20160122,0.82,0.82,0.8,0.81,881200
PM,20160122,9.95,10.2,9.95,10,63600
PMTA,20160122,18.8,19,18.7,18.8,20300
POLAR,20160122,0.08,0.09,0.07,0.08,52801600
POPF,20160122,14.8,14.8,14.7,14.7,147300
PPF,20160122,11.6,11.6,11.6,11.6,500
PPM,20160122,3.02,3.1,3.02,3.1,3900
PPP,20160122,5,5.1,5,5.05,184000
PPS,20160122,1.01,1.05,0.99,0.99,2980300
PR,20160122,52.5,52.5,52.5,52.5,5800
PRAKIT,20160122,15.1,15.4,15.1,15.2,148300
PRANDA,20160122,4.62,4.62,4.52,4.62,165600
PREB,20160122,12.3,12.5,12.2,12.5,28200
PRECHA,20160122,2.16,2.2,2.1,2.2,64400
PRIN,20160122,1.28,1.28,1.27,1.28,3157800
PRINC,20160122,3.56,3.56,3.48,3.5,124100
PSL,20160122,4.94,5,4.94,4.94,617200
PSTC,20160122,0.47,0.5,0.47,0.49,35991100
PT,20160122,8.95,9.3,8.9,8.9,3944800
PTG,20160122,13,13.7,12.9,13.3,8219400
PTL,20160122,6.15,6.2,6,6.15,132500
PTT,20160122,212,220,207,218,23426800
PTTEP,20160122,44.75,48.5,44.25,48.25,30082900
PTTGC,20160122,48.75,49.75,47.75,49.25,19013700
PYLON,20160122,10,10.1,10,10,229300
Q-CON,20160122,4.78,4.86,4.72,4.84,2000
QH,20160122,2.18,2.22,2.16,2.18,17115000
QHHR,20160122,8.55,8.55,8.5,8.55,57300
QHPF,20160122,10.3,10.4,10.3,10.3,504300
QLT,20160122,12.9,13,12.9,13,19000
QTC,20160122,5.35,5.4,5.2,5.35,491800
RATCH,20160122,48,48.25,47.75,48,345900
RCI,20160122,2.76,2.82,2.76,2.76,620300
RCL,20160122,4.96,5,4.96,4.98,426800
RICH,20160122,0.62,0.62,0.6,0.6,22186700
RICHY,20160122,1.16,1.17,1.14,1.14,657700
RML,20160122,1.28,1.32,1.28,1.3,3949800
ROBINS,20160122,39.75,40,39.25,39.75,1121600
ROJNA,20160122,5.05,5.05,4.96,5,413600
RP,20160122,7.05,7.2,7.05,7.2,4427500
RPC,20160122,0.8,0.8,0.73,0.75,17924200
RS,20160122,8.75,8.85,8.75,8.85,2058500
RWI,20160122,2,2.02,1.95,1.96,2897000
S,20160122,5.65,5.7,5.55,5.7,5210100
S11,20160122,8.5,8.6,8.5,8.6,525300
SABINA,20160122,23.5,23.7,23.5,23.7,1500
SALEE,20160122,0.98,1.02,0.96,1.02,11962900
SAM,20160122,0.9,0.98,0.9,0.96,1979200
SAMART,20160122,18.5,18.7,18.3,18.3,7084900
SAMCO,20160122,3.68,3.72,3.62,3.64,837600
SAMTEL,20160122,16,16.4,16,16.3,402700
SANKO,20160122,1.91,1.94,1.9,1.92,58400
SAPPE,20160122,16.7,16.8,16.3,16.5,113500
SAT,20160122,15.6,15.7,15.6,15.7,58000
SAUCE,20160122,23.7,23.7,23.5,23.5,12500
SAWAD,20160122,43.75,45.75,43.75,45,5628300
SAWANG,20160122,13.8,13.8,13.8,13.8,100
SBPF,20160122,7,7,7,7,4000
SC,20160122,2.86,2.88,2.84,2.88,226700
SCB,20160122,117.5,121.5,116.5,119.5,15934600
SCC,20160122,408,416,406,410,3426450
SCCC,20160122,280,285,274,276,208300
SCG,20160122,5.25,5.3,5.05,5.1,15100
SCI,20160122,8.15,8.7,8,8.65,63220600
SCN,20160122,7.2,7.45,7.05,7.4,27659300
SCP,20160122,8.05,8.1,8,8.05,68500
SE-ED,20160122,4.88,4.88,4.84,4.86,32600
SEAFCO,20160122,8.65,8.7,8.6,8.65,766400
SEAOIL,20160122,4.6,4.9,4.56,4.74,519000
SENA,20160122,2.38,2.42,2.36,2.36,3477400
SF,20160122,6.15,6.15,6.1,6.1,1507400
SGP,20160122,9.25,9.35,9.25,9.35,733600
SHANG,20160122,70.5,70.5,70.5,70.5,300
SIAM,20160122,2.98,3.08,2.96,2.98,2542400
SIM,20160122,1.17,1.18,1.15,1.15,10627100
SIMAT,20160122,3.6,3.68,3.6,3.64,19900
SINGER,20160122,7.7,8,7.7,7.9,322000
SIRI,20160122,1.47,1.5,1.46,1.49,111019800
SIS,20160122,4.1,4.14,4.1,4.14,285300
SITHAI,20160122,2.12,2.14,2.12,2.12,646000
SKR,20160122,68.25,69,68.25,69,35500
SLP,20160122,0.97,0.99,0.96,0.97,4341800
SMART,20160122,1.38,1.39,1.37,1.38,127500
SMIT,20160122,4.2,4.3,4.2,4.24,5300
SMK,20160122,550,556,550,556,200
SMM,20160122,1.33,1.37,1.31,1.31,127400
SMPC,20160122,7.3,7.5,7.3,7.5,2590600
SMT,20160122,12,12.4,11.8,12.2,15690400
SNC,20160122,13.4,13.4,13.3,13.4,44400
SNP,20160122,27.25,28,27.25,28,8100
SOLAR,20160122,10.2,10.4,10,10,1788400
SPA,20160122,8.75,8.85,8.7,8.8,344800
SPACK,20160122,2.02,2.08,2.02,2.02,17600
SPALI,20160122,18.4,18.6,18.3,18.4,1848100
SPC,20160122,39.75,39.75,39,39.5,4600
SPCG,20160122,20.4,20.5,20.2,20.3,1669100
SPF,20160122,20,20.1,19.9,20,1259200
SPI,20160122,23.8,23.8,23.8,23.8,200
SPORT,20160122,2.28,2.36,2.28,2.34,259100
SPPT,20160122,2.16,2.16,2.16,2.16,100
SPRC,20160122,9.95,10,9.9,9.95,9110500
SPVI,20160122,0.95,1.07,0.94,0.99,46398700
SR,20160122,3.9,4,3.86,3.98,4057600
SRICHA,20160122,13.5,13.5,13.2,13.3,389900
SSC,20160122,49.5,49.5,49.5,49.5,100
SSF,20160122,8.85,8.85,8.85,8.85,2200
SSI,20160122,0.03,0.04,0.03,0.03,13895200
SSSC,20160122,33.75,33.75,33.25,33.25,1200
SST,20160122,10,10.1,10,10.1,36500
SSTSS,20160122,9.4,9.4,9.4,9.4,11000
STA,20160122,10.5,10.5,10.3,10.4,340900
STANLY,20160122,167,168,167,168,3300
STAR,20160122,6.35,6.65,6.25,6.25,33300
STEC,20160122,22.1,22.2,21.5,21.8,3568900
STPI,20160122,9.7,9.9,9.65,9.85,10713100
SUC,20160122,37,37,37,37,400
SUPER,20160122,1.24,1.25,1.21,1.21,165838000
SUSCO,20160122,2.62,2.76,2.6,2.66,2605300
SUTHA,20160122,6,6.1,5.9,6.1,333600
SVH,20160122,295,300,295,300,700
SVI,20160122,5.5,5.75,5.35,5.65,15091300
SVOA,20160122,1.47,1.48,1.45,1.47,1156200
SWC,20160122,10.1,10.2,9.9,10.1,157100
SYMC,20160122,8.55,8.65,8.5,8.65,22500
SYNEX,20160122,4.46,4.52,4.44,4.46,1541200
SYNTEC,20160122,2.84,2.92,2.8,2.88,2802200
T,20160122,0.13,0.13,0.12,0.13,4159600
TACC,20160122,6,6.1,6,6.05,3957800
TAE,20160122,3.16,3.28,3.16,3.26,12314300
TAKUNI,20160122,3.78,3.78,3.7,3.74,989100
TAPAC,20160122,20.7,21,20,20.5,466100
TASCO,20160122,38.25,38.5,37.75,38,6323200
TC,20160122,4.44,4.46,4.32,4.4,256400
TCAP,20160122,37,37.75,36.5,37.5,5663100
TCB,20160122,20.1,20.1,19.9,19.9,35900
TCC,20160122,1.4,1.41,1.37,1.39,3299700
TCCC,20160122,25,25.5,25,25.5,33700
TCJ,20160122,9.65,9.75,9.5,9.5,39600
TCMC,20160122,3.26,3.32,3.26,3.28,408500
TCOAT,20160122,19.7,19.7,19.7,19.7,100
TEAM,20160122,1.38,1.42,1.3,1.32,5354700
TF,20160122,158,158,157,157,800
TFD,20160122,2.52,2.58,2.52,2.54,1747300
TFG,20160122,1.41,1.44,1.4,1.41,2110800
TFI,20160122,1.02,1.02,0.99,1,387500
TFUND,20160122,10.4,10.5,10.4,10.5,609000
TGCI,20160122,2.48,2.54,2.48,2.52,111100
TGPRO,20160122,0.2,0.2,0.19,0.19,2302000
TGROWTH,20160122,11,11.1,10.9,11.1,57600
TH,20160122,0.82,0.84,0.81,0.81,877400
THAI,20160122,8.65,8.85,8.65,8.75,959500
THANA,20160122,1.68,1.74,1.68,1.7,17000
THANI,20160122,3.22,3.24,3.16,3.18,11009500
THCOM,20160122,26.75,26.75,26,26.5,1968500
THE,20160122,9.65,9.75,9.65,9.7,354200
THIF,20160122,11.9,11.9,11.9,11.9,5000
THIP,20160122,240,240,227,231,1200
THRE,20160122,2.68,2.68,2.64,2.68,499200
THREL,20160122,10.1,10.1,9.95,10,2531400
TIC,20160122,25.5,28,25.5,27,9100
TICON,20160122,11.8,11.9,11.7,11.8,423900
TIF1,20160122,7.3,7.3,7.2,7.2,40600
TIP,20160122,37,37.25,36.75,37,81500
TIPCO,20160122,19.2,19.4,18.9,19.1,8954600
TISCO,20160122,41.75,42.25,40.75,42,939000
TIW,20160122,136,136,136,136,500
TK,20160122,9.8,9.8,9.7,9.7,40700
TKN,20160122,9.15,9.35,9.05,9.35,33573800
TKS,20160122,7.35,7.35,7.25,7.35,178900
TKT,20160122,1.97,1.97,1.93,1.94,16300
TLGF,20160122,13.6,13.8,13.5,13.8,1643700
TLHPF,20160122,10.2,10.2,10.2,10.2,2000
TLOGIS,20160122,11.9,12.1,11.9,11.9,242200
TLUXE,20160122,4.96,5.3,4.96,5.2,1865200
TMB,20160122,2.48,2.54,2.46,2.48,147171200
TMC,20160122,2.04,2.04,1.96,2.04,595600
TMD,20160122,19.1,19.2,19.1,19.2,300
TMI,20160122,0.88,0.9,0.87,0.89,779800
TMILL,20160122,2.56,2.58,2.52,2.58,141900
TMT,20160122,8.7,8.7,8.6,8.7,39800
TMW,20160122,24.9,25,24.9,24.9,1900
TNDT,20160122,10,10,9.95,10,19200
TNH,20160122,21.5,22.3,21.4,22.3,396400
TNITY,20160122,6.15,6.2,6.1,6.15,356700
TNL,20160122,24.2,25,24.2,25,15500
TNP,20160122,1.42,1.43,1.39,1.42,6136900
TNPC,20160122,1.76,1.79,1.75,1.76,3710000
TNPF,20160122,4.8,4.8,4.8,4.8,400
TOG,20160122,5.95,6,5.85,5.95,70500
TOP,20160122,64.75,66.75,64,66.25,10872400
TPA,20160122,6.9,7.05,6.85,6.85,402700
TPAC,20160122,8.45,8.45,8.3,8.4,188900
TPC,20160122,29.25,29.25,28.75,29.25,9100
TPCH,20160122,14.8,15.2,14.7,15.2,1248400
TPCORP,20160122,15.1,15.3,15.1,15.3,32900
TPIPL,20160122,2.02,2.14,1.99,2.12,498559800
TPOLY,20160122,3.02,3.06,3,3.04,215600
TR,20160122,30.75,31,30.5,30.5,500
TRC,20160122,2.06,2.06,2.02,2.06,26038000
TREIT,20160122,9.85,9.85,9.85,9.85,129500
TRITN,20160122,0.46,0.47,0.43,0.47,36649100
TRT,20160122,3.48,3.52,3.48,3.52,141200
TRU,20160122,3.9,3.94,3.88,3.94,69500
TRUBB,20160122,1.47,1.5,1.44,1.45,6422400
TRUE,20160122,6.6,6.75,6.55,6.65,83947000
TSC,20160122,12.6,12.6,12.6,12.6,500
TSE,20160122,4.08,4.16,4,4.02,16420200
TSF,20160122,0.18,0.19,0.18,0.18,25053800
TSI,20160122,0.48,0.48,0.47,0.47,854400
TSR,20160122,6.1,6.2,6.05,6.2,551700
TSTH,20160122,0.47,0.48,0.46,0.48,1262000
TTA,20160122,7.2,7.2,7.05,7.1,5050300
TTCL,20160122,16.3,16.4,16.1,16.3,1178000
TTW,20160122,10.3,10.5,10.3,10.4,2713400
TU,20160122,17.4,17.7,17.3,17.5,6889600
TU-PF,20160122,1.8,1.85,1.8,1.85,800
TVD,20160122,1.08,1.11,1.08,1.11,224500
TVI,20160122,4.38,4.38,4.3,4.38,7700
TVO,20160122,23,23.2,22.8,22.9,1297500
TVT,20160122,1.78,1.8,1.78,1.79,892300
TWP,20160122,38,38,37.5,37.5,31400
TWPC,20160122,6,6.1,5.9,5.9,5474000
TWZ,20160122,0.23,0.25,0.23,0.24,39383000
TYCN,20160122,2.3,2.3,2.26,2.26,3100
U,20160122,0.03,0.04,0.03,0.03,180366400
UAC,20160122,5.55,5.55,5.5,5.55,165600
UBIS,20160122,5.2,5.25,5.2,5.25,69800
UEC,20160122,2.64,2.68,2.64,2.68,206000
UKEM,20160122,0.86,0.88,0.85,0.87,1003700
UMI,20160122,3.9,4.04,3.88,4,1395600
UMS,20160122,6.5,6.55,6.3,6.3,87600
UNIPF,20160122,9.3,9.3,9.3,9.3,100
UNIQ,20160122,18.1,18.5,18.1,18.3,4757800
UOBKH,20160122,3.26,3.3,3.24,3.26,189400
UP,20160122,24.5,24.5,24.5,24.5,100
UPA,20160122,1.25,1.29,1.24,1.29,15289200
UPOIC,20160122,4.4,4.5,4.38,4.4,30500
UREKA,20160122,1.41,1.47,1.41,1.41,1321400
UTP,20160122,3.22,3.26,3.22,3.22,108800
UV,20160122,5.9,5.95,5.85,5.9,356400
UVAN,20160122,6.8,6.9,6.8,6.9,1900
UWC,20160122,0.19,0.2,0.19,0.2,82800800
VGI,20160122,3.66,3.74,3.66,3.68,6416200
VIBHA,20160122,2.22,2.32,2.22,2.3,83598300
VIH,20160122,5.8,6.05,5.75,5.85,10008200
VNG,20160122,14.5,14.5,14.3,14.3,316700
VNT,20160122,9.45,9.55,9.45,9.55,103200
VPO,20160122,1.2,1.22,1.2,1.2,107500
VTE,20160122,2.34,2.36,2.28,2.3,2040700
WAVE,20160122,3.92,3.92,3.82,3.82,163500
WG,20160122,152,152,152,152,200
WHA,20160122,2.7,2.72,2.66,2.68,33349400
WHABT,20160122,10,10,10,10,7900
WHAPF,20160122,10.9,11,10.9,10.9,48900
WHART,20160122,9.8,9.85,9.8,9.85,277600
WICE,20160122,2.86,2.9,2.84,2.88,13646500
WIIK,20160122,2.92,3.02,2.92,3.02,11318900
WIN,20160122,0.61,0.62,0.6,0.6,117700
WINNER,20160122,2.44,2.5,2.42,2.48,413000
WORK,20160122,41.25,41.5,41.25,41.5,74800
XO,20160122,4.92,4.98,4.92,4.98,94000
YUASA,20160122,6.7,6.85,6.6,6.7,32200
ZMICO,20160122,1.09,1.11,1.09,1.11,355200
SCB-P,20160122,117,119,117,119,1200
ADVA06C1701A,20160122,1.66,1.69,1.66,1.69,50300
BBL06C1701A,20160122,1.27,1.28,1.26,1.27,20900
CPF06C1701A,20160122,0.17,0.17,0.17,0.17,1753300
DTAC06C1701A,20160122,0.8,0.8,0.75,0.75,187500
INTU06C1701A,20160122,1.07,1.07,1.07,1.07,10000
JAS06C1701A,20160122,0.12,0.12,0.12,0.12,210000
TCAP06C1701A,20160122,0.58,0.6,0.58,0.6,103000
ABC-W1,20160122,0.5,0.5,0.49,0.5,1663000
ABC-W2,20160122,0.13,0.13,0.12,0.13,316200
AEC-W2,20160122,0.11,0.11,0.1,0.1,260100
AEC-W4,20160122,0.19,0.22,0.19,0.22,45200
AIRA-W1,20160122,0.67,0.7,0.67,0.7,359500
AIRA-W2,20160122,0.36,0.36,0.36,0.36,112000
AJD-W1,20160122,0.7,0.7,0.65,0.66,933500
AJD-W2,20160122,0.92,0.93,0.92,0.92,1927400
BLAND-W4,20160122,0.24,0.24,0.24,0.24,3097300
BROCK-W1,20160122,0.4,0.41,0.4,0.4,470000
BTC-W3,20160122,0.02,0.03,0.02,0.02,11970100
BTS-W3,20160122,0.64,0.66,0.64,0.64,5905400
CGH-W1,20160122,0.35,0.37,0.32,0.36,793300
CGH-W2,20160122,0.33,0.37,0.32,0.34,86600
CKP-W1,20160122,0.38,0.4,0.38,0.39,3116300
DCON-W1,20160122,3.66,3.98,3.56,3.98,9900
DCON-W2,20160122,0.32,0.33,0.32,0.32,115000
DCORP-W1,20160122,8.9,9.25,8.85,9.25,50100
DIMET-W1,20160122,5.45,5.45,4.88,5,43700
DNA-W1,20160122,3.18,3.22,3.18,3.2,89800
EARTH-W4,20160122,0.32,0.32,0.3,0.31,863300
ECF-W1,20160122,2.64,2.64,2.6,2.6,29600
ECL-W2,20160122,0.54,0.62,0.54,0.56,25524000
EIC-W1,20160122,0.64,0.64,0.59,0.59,327500
EIC-W2,20160122,0.62,0.63,0.6,0.63,68400
EMC-W5,20160122,0.06,0.07,0.05,0.06,68696700
FC-W2,20160122,0.2,0.23,0.19,0.2,8000
FER-W1,20160122,0.49,0.5,0.47,0.48,2710600
FPI-W1,20160122,2.48,2.5,2.38,2.5,20800
FVC-W1,20160122,2.38,2.38,2.28,2.3,49700
GENCO-W1,20160122,1.23,1.26,1.2,1.23,2709100
GIFT-W1,20160122,1.45,1.48,1.45,1.47,14800
GJS-W2,20160122,0.01,0.02,0.01,0.02,16100
GJS-W3,20160122,0.01,0.03,0.01,0.02,36100
GLAND-W4,20160122,1.59,1.59,1.58,1.59,41000
GREEN-W4,20160122,0.67,0.74,0.59,0.62,2235300
GSTEL-W1,20160122,0.02,0.02,0.02,0.02,100
GUNKUL-W,20160122,6.5,6.55,6.5,6.5,23100
IFEC-W1,20160122,6.05,6.05,5.8,5.95,61400
IFEC-W2,20160122,1.1,1.14,1.07,1.07,31702800
IRCP-W2,20160122,2.56,2.56,2.36,2.5,192700
ITD-W1,20160122,1.13,1.14,1.08,1.1,7139600
IVL-W1,20160122,1.36,1.39,1.35,1.39,25100
IVL-W2,20160122,1.3,1.33,1.3,1.32,167200
JAS-W3,20160122,0.5,0.54,0.48,0.5,388389300
JMT-W1,20160122,1.96,2.04,1.96,1.96,22800
KIAT-W1,20160122,0.35,0.36,0.34,0.34,8434900
L&E-W3,20160122,1.38,1.38,1.38,1.38,5000
LH-W3,20160122,5.05,5.2,5.05,5.2,23100
LOXLEY-W,20160122,1.02,1.05,1,1.03,6302100
MACO-W1,20160122,0.14,0.15,0.13,0.14,1027400
MBAX-W1,20160122,2.88,2.94,2.86,2.9,1165900
MILL-W3,20160122,0.31,0.32,0.31,0.31,354500
MINT-W5,20160122,4.1,4.42,4.08,4.26,740900
MONO-W1,20160122,0.39,0.41,0.39,0.39,1679700
MPG-W1,20160122,0.25,0.27,0.25,0.25,1770300
NBC-W1,20160122,0.53,1.15,0.53,0.77,107200
NEWS-W4,20160122,0.03,0.03,0.03,0.03,99000
NEWS-W5,20160122,0.04,0.04,0.04,0.04,1427500
NINE-W1,20160122,1.46,1.46,1.46,1.46,100
NMG-W3,20160122,0.37,0.38,0.35,0.38,71200
NPP-W2,20160122,1.02,1.02,0.98,0.99,125000
NUSA-W2,20160122,0.22,0.22,0.22,0.22,52300
PL-W1,20160122,1.3,1.35,1.26,1.29,379600
POLAR-W3,20160122,0.01,0.01,0.01,0.01,13790800
PPM-W1,20160122,0.73,0.73,0.72,0.72,148600
PSL-W1,20160122,1.23,1.24,1.16,1.16,36900
RML-W4,20160122,0.17,0.18,0.16,0.17,1053800
RWI-W1,20160122,0.77,0.82,0.76,0.77,15172800
S-W1,20160122,0.75,0.77,0.74,0.74,356200
SAMART-W,20160122,1.2,1.24,1.2,1.2,955800
SAWAD-W1,20160122,11.2,11.9,11,11.4,1072900
SIMAT-W2,20160122,0.75,0.75,0.71,0.75,7200
SIRI-W2,20160122,0.13,0.13,0.12,0.12,3272100
SMART-W1,20160122,0.46,0.48,0.45,0.45,427700
SUPER-W3,20160122,0.2,0.21,0.2,0.2,21686500
SUSCO-W1,20160122,0.37,0.41,0.36,0.36,7857300
SVI-W3,20160122,1.9,1.9,1.9,1.9,6000
T-W3,20160122,0.05,0.06,0.04,0.05,3203900
TAPAC-W2,20160122,18,18.1,17.2,17.5,27000
TCC-W2,20160122,1.68,1.68,1.68,1.68,100
TCC-W3,20160122,1.03,1.03,0.99,1.03,147000
TCC-W4,20160122,0.72,0.75,0.71,0.73,195200
TGPRO-W1,20160122,0.05,0.06,0.05,0.06,10509400
TH-W1,20160122,0.34,0.34,0.33,0.34,23500
TH-W2,20160122,0.29,0.3,0.28,0.28,853200
TMC-W1,20160122,0.57,0.58,0.54,0.55,3586300
TPOLY-W2,20160122,1.51,1.59,1.5,1.59,3000
TSI-W2,20160122,0.16,0.16,0.16,0.16,382500
TSR-W1,20160122,3.94,4,3.92,3.96,335200
TTA-W4,20160122,1.02,1.02,0.98,0.99,145300
TTA-W5,20160122,1.15,1.18,1.13,1.13,1446000
TWZ-W3,20160122,0.12,0.12,0.11,0.12,129900
TWZ-W4,20160122,0.02,0.03,0.02,0.03,1771800
U-W1,20160122,0.01,0.02,0.01,0.01,169233100
UPA-W1,20160122,0.75,0.8,0.75,0.79,68900
UREKA-W1,20160122,0.9,0.94,0.88,0.91,4018100
UWC-W2,20160122,0.1,0.11,0.09,0.1,16573000
VGI-W1,20160122,0.59,0.59,0.58,0.58,897700
VIBHA-W2,20160122,1.14,1.24,1.14,1.22,34647700
WHA-W1,20160122,6.55,7,6.55,7,15400
WIIK-W1,20160122,0.94,0.99,0.93,0.99,3082000
WORK-W1,20160122,16.3,16.3,15.5,16,4500
!AGRO,20160122,353.35,357.78,352.41,355.77,1495625
!CONSUMP,20160122,139.61,140.7,139.6,140.61,504625
!FINCIAL,20160122,156.95,159.33,156.04,158.5,4458442
!INDUS,20160122,86,87.02,85.23,86.73,2589227
!PROPCON,20160122,127.53,128.76,127.28,127.79,14126229
!RESOURC,20160122,120.71,123.75,119.42,123.15,5972447
!SERVICE,20160122,368.83,370.69,367,369.04,8970476
!TECH,20160122,156.74,157.17,155.56,156.33,11862673
$AGRI,20160122,165.84,166.65,163.81,164.97,199037
$AUTO,20160122,418.1,419.49,417.3,419.49,232253
$BANK,20160122,428.28,435.7,424.81,433.14,3267587
$COMM,20160122,26823.7,27067,26650.6,26892.8,2406559
$CONMAT,20160122,11782.1,11940.3,11709.8,11828.1,5568329
$CONS,20160122,126.1,126.63,125.14,125.81,2302389
$ENERG,20160122,13758,14105.4,13611.5,14037.8,5968510
$ETRON,20160122,1845.89,1854.03,1814.16,1849.02,484335
$FASHION,20160122,698.93,702.54,698.93,701.31,27178
$FIN,20160122,2281.62,2305.45,2281.1,2292.07,1044705
$FOOD,20160122,10115.8,10250.1,10090.9,10192.3,1296588
$HELTH,20160122,5239.88,5290.82,5219.67,5271.17,2351539
$HOME,20160122,41.88,42.61,41.86,42.53,476183
$ICT,20160122,144.58,145.01,143.39,144.08,11378338
$IMM,20160122,67.21,68,66.75,67.97,536845
$INSUR,20160122,15604.6,15736.3,15562.5,15647.6,146150
$MEDIA,20160122,58.72,59.17,58,58.3,796071
$MINE,20160122,8.72,8.81,8.47,8.56,3937
$PAPER,20160122,905.83,917.08,905.83,905.83,1088
$PERSON,20160122,469.27,473.98,469.27,473.98,1264
$PETRO,20160122,722.48,733.37,712.33,729.2,357934
$PF&REIT,20160122,167.19,167.67,166.96,167.35,105012
$PKG,20160122,3182.6,3199.62,3176.35,3197.84,91957
$PROF,20160122,242.31,242.31,236.09,239.15,685245
$PROP,20160122,244.69,248.24,244.37,245.22,6150499
$STEEL,20160122,33.16,33.81,33.02,33.51,1369151
$TOURISM,20160122,589.7,594.22,586.09,591.09,175096
$TRANS,20160122,244.61,245.03,242.17,243.23,2555966
MAI,20160122,507.16,510.64,506.99,509.7,984673032
SET,20160122,1260.53,1272.09,1254.8,1268.03,9771688200
SET100,20160122,1766.12,1786.89,1754.2,1779.32,2483588294
SET50,20160122,786.85,797.31,781.11,793.57,1895789862
SETHD,20160122,875.26,893.43,866.88,888.44,997027788
BBL-F,20160122,146.5,147.5,144.5,145.5,4448300
DTAC-F,20160122,34.75,34.75,34.75,34.75,200
JAS-F,20160122,2.92,3.08,2.92,3.06,338400
KBANK-F,20160122,164,166,161.5,163.5,3145500
LH-F,20160122,8.65,8.85,8.65,8.7,147000
SCC-F,20160122,406,416,406,412,238850
TASCO-F,20160122,38,38.5,38,38.25,19100
ADVANCZ16,20160122,158,158.14,157.36,157.36,20
BHZ16,20160122,217.8,217.8,217.8,217.8,10
ITDZ16,20160122,7.14,7.14,7.14,7.14,30
KTBZ16,20160122,16.54,17,16.54,17,8
MINTZ16,20160122,31.04,31.04,31.04,31.04,100
PTTEPZ16,20160122,47.5,47.5,47.5,47.5,43
PTTZ16,20160122,211,213.19,211,213.19,20
S50Z16,20160122,737.1,748.7,731.8,744.6,403
TOPZ16,20160122,66.75,66.75,66.75,66.75,40
TPIPLZ16,20160122,2.13,2.13,2.13,2.13,100
TRUEZ16,20160122,6.82,6.82,6.82,6.82,6
AAV01C1603A,20160122,0.91,0.93,0.85,0.86,1749900
AAV01P1603A,20160122,0.48,0.52,0.47,0.52,1818700
AAV06C1605A,20160122,0.97,0.97,0.92,0.92,100500
AAV08C1607A,20160122,0.35,0.37,0.35,0.35,490400
AAV11C1604A,20160122,1.15,1.19,1.15,1.15,165500
AAV11P1602A,20160122,0.28,0.33,0.28,0.33,11800
AAV23C1608A,20160122,0.31,0.31,0.3,0.31,196600
AAV28C1605A,20160122,0.87,0.87,0.85,0.85,95000
AAVH16,20160122,5.51,5.58,5.4,5.4,150
AAVM16,20160122,5.65,5.65,5.65,5.65,100
ADVA01C1603A,20160122,0.07,0.07,0.05,0.05,18693600
ADVA01C1605A,20160122,0.19,0.19,0.17,0.17,25344000
ADVA01P1603A,20160122,1.83,1.86,1.83,1.85,503800
ADVA01P1605A,20160122,1.35,1.37,1.35,1.36,9954300
ADVA06C1601A,20160122,0.19,0.19,0.18,0.18,852200
ADVA08C1601A,20160122,0.01,0.01,0.01,0.01,6000
ADVA08C1606A,20160122,0.1,0.1,0.09,0.1,2215100
ADVA08C1607A,20160122,1.02,1.03,1,1.01,5170300
ADVA08P1601A,20160122,1.34,1.35,1.33,1.33,85000
ADVA08P1607A,20160122,0.92,0.93,0.9,0.91,10169700
ADVA11C1604A,20160122,0.1,0.1,0.1,0.1,9000
ADVA11P1604A,20160122,1.9,1.91,1.89,1.9,2521000
ADVA13C1605A,20160122,0.12,0.12,0.1,0.1,3374900
ADVA13C1605B,20160122,0.67,0.68,0.67,0.67,308000
ADVA13C1606A,20160122,0.84,0.84,0.82,0.83,9469600
ADVA13P1603A,20160122,1.41,1.41,1.41,1.41,10000
ADVA13P1606A,20160122,0.92,0.94,0.92,0.93,8290400
ADVA16C1612A,20160122,0.22,0.23,0.22,0.22,100200
ADVA23C1605A,20160122,0.01,0.02,0.01,0.01,1081000
ADVA23P1603A,20160122,0.98,0.99,0.96,0.96,571800
ADVA27C1607A,20160122,0.06,0.06,0.05,0.05,911400
ADVA28C1603A,20160122,0.02,0.02,0.02,0.02,200
ADVA28C1604A,20160122,0.15,0.16,0.15,0.15,29373800
ADVA28C1605A,20160122,0.08,0.08,0.08,0.08,100
ADVA28C1605B,20160122,0.74,0.74,0.71,0.72,42242600
ADVANCH16,20160122,153,154.98,153,154,192
AMAT23C1605A,20160122,0.1,0.1,0.1,0.1,10000
AMAT42C1603A,20160122,0.07,0.07,0.07,0.07,400
AMATAH16,20160122,11.94,11.94,11.94,11.94,400
ANAN23C1604A,20160122,0.39,0.39,0.35,0.37,295200
AOT01C1603A,20160122,1.6,1.6,1.56,1.57,7321800
AOT01C1605A,20160122,1.17,1.17,1.14,1.15,7463100
AOT01P1603A,20160122,0.37,0.39,0.37,0.38,5457600
AOT01P1605A,20160122,0.9,0.94,0.9,0.92,9359200
AOT06C1603A,20160122,4.22,4.28,4.22,4.28,500
AOT06P1603A,20160122,0.25,0.25,0.25,0.25,100000
AOT08C1606A,20160122,1.2,1.22,1.18,1.2,1834400
AOT08P1606A,20160122,0.57,0.57,0.56,0.56,1296500
AOT11C1606A,20160122,1.52,1.55,1.52,1.55,530200
AOT11P1606A,20160122,0.86,0.88,0.86,0.88,1203400
AOT13C1603A,20160122,1.2,1.2,1.15,1.15,3224600
AOT16C1602A,20160122,1.11,1.11,1.11,1.11,10000
AOT23C1608A,20160122,0.85,0.87,0.84,0.86,416200
AOT23P1608A,20160122,0.84,0.87,0.84,0.85,2563000
AOT27C1606A,20160122,0.96,0.97,0.96,0.97,325200
AOT28C1604A,20160122,0.88,0.88,0.84,0.86,5457300
AOTH16,20160122,346.5,346.5,345,345,62
BA01C1601A,20160122,0.65,0.66,0.65,0.65,248900
BA01P1601A,20160122,0.17,0.17,0.16,0.16,1729400
BA11C1607A,20160122,0.89,0.89,0.89,0.89,35000
BA13C1602A,20160122,0.39,0.39,0.39,0.39,34400
BA42C1603A,20160122,0.66,0.66,0.65,0.65,16200
BANP01C1602A,20160122,0.01,0.02,0.01,0.01,141000
BANP01P1602A,20160122,1.95,1.95,1.92,1.92,636200
BANP06C1601A,20160122,0.01,0.01,0.01,0.01,1150000
BANP06C1611A,20160122,0.22,0.24,0.22,0.24,5856300
BANP08C1604A,20160122,0.03,0.04,0.03,0.04,1450200
BANP11P1603A,20160122,1.84,1.84,1.81,1.81,329600
BANP13C1604A,20160122,0.02,0.02,0.02,0.02,50200
BANP13C1609A,20160122,0.36,0.38,0.36,0.38,1870400
BANP23C1609A,20160122,0.08,0.08,0.08,0.08,500900
BANP27C1606A,20160122,0.02,0.02,0.01,0.02,300
BANP28C1605A,20160122,0.18,0.2,0.18,0.2,6793100
BANPUH16,20160122,15.25,15.25,15.25,15.25,485
BANPUM16,20160122,15.22,15.22,15.2,15.2,62
BAY13C1606A,20160122,0.22,0.22,0.21,0.22,4522100
BAY27C1606A,20160122,0.19,0.2,0.18,0.2,208700
BAY42C1607A,20160122,0.41,0.41,0.41,0.41,10000
BAYH16,20160122,30.53,31.5,30.53,31.48,206
BAYM16,20160122,30.79,30.79,30.79,30.79,12
BBL06C1601A,20160122,0.54,0.55,0.51,0.55,1125000
BBL06P1601A,20160122,1.61,1.61,1.57,1.57,5000
BBL08C1606A,20160122,0.42,0.43,0.39,0.41,2355000
BBL11C1602A,20160122,0.16,0.17,0.14,0.17,2421700
BBL11P1602A,20160122,1.9,1.94,1.88,1.88,1027000
BBL13C1606A,20160122,0.64,0.65,0.61,0.64,4677500
BBL13P1603A,20160122,0.95,0.99,0.92,0.92,2363800
BBL23C1604A,20160122,0.09,0.1,0.09,0.09,119700
BBL23P1608A,20160122,0.92,0.95,0.89,0.9,409000
BBL28C1602A,20160122,0.01,0.01,0.01,0.01,500000
BBL42C1609A,20160122,0.42,0.44,0.42,0.43,1011200
BBL42P1609A,20160122,1.98,1.98,1.9,1.91,654300
BBLH16,20160122,146,147,144.1,147,143
BBLM16,20160122,147.97,147.97,144.49,144.49,3
BCH13C1606A,20160122,0.63,0.64,0.6,0.63,3469800
BCHAY,20160122,15.7,15.71,15.7,15.7,600
BCP01C1604A,20160122,0.15,0.16,0.14,0.14,17394500
BCP01P1604A,20160122,0.84,0.92,0.84,0.92,11393200
BCP06C1611A,20160122,0.37,0.37,0.35,0.35,1321100
BCP11C1606A,20160122,0.23,0.24,0.22,0.22,1275600
BCP11P1606A,20160122,0.91,0.92,0.91,0.92,1473300
BCP23C1605A,20160122,0.06,0.06,0.04,0.05,5842100
BCP42C1609A,20160122,0.19,0.19,0.18,0.18,2700000
BCP42P1609A,20160122,0.93,0.93,0.93,0.93,154800
BCPH16,20160122,29.24,29.5,29.24,29.24,226
BCPM16,20160122,30.97,30.97,30.97,30.97,1
BDMS01C1601A,20160122,0.51,0.52,0.51,0.51,1242600
BDMS01C1605A,20160122,0.54,0.55,0.53,0.53,2859900
BDMS01P1601A,20160122,0.23,0.25,0.23,0.24,1667500
BDMS01P1605A,20160122,0.72,0.74,0.72,0.73,3017800
BDMS08C1607A,20160122,0.52,0.52,0.52,0.52,1930600
BDMS11C1601A,20160122,0.62,0.62,0.61,0.62,654400
BDMS23C1605A,20160122,0.7,0.71,0.69,0.7,569600
BDMS28C1603A,20160122,0.34,0.34,0.34,0.34,2564000
BDMSH16,20160122,21.5,21.6,21.5,21.6,3
BEC27C1606A,20160122,0.15,0.17,0.14,0.14,369500
BEC42C1609A,20160122,0.26,0.26,0.26,0.26,200
BEMH16,20160122,5.6,5.6,5.5,5.5,777
BH01C1601A,20160122,0.53,0.57,0.51,0.57,10018400
BH01C1605A,20160122,0.7,0.74,0.7,0.74,7931100
BH01P1601A,20160122,0.43,0.43,0.38,0.38,5466700
BH01P1605A,20160122,0.76,0.76,0.72,0.73,3060000
BH06C1606A,20160122,2.18,2.18,2.18,2.18,20000
BH08C1601A,20160122,0.83,0.94,0.79,0.94,359800
BH08C1605A,20160122,0.43,0.45,0.42,0.45,1682900
BH08P1607A,20160122,0.68,0.68,0.65,0.65,2104500
BH11C1604A,20160122,0.55,0.57,0.55,0.57,2000600
BH13C1602A,20160122,0.23,0.27,0.23,0.27,1543600
BH13P1602A,20160122,0.24,0.24,0.2,0.21,672200
BH23C1605A,20160122,0.6,0.64,0.6,0.64,49800
BH28C1603A,20160122,0.29,0.33,0.29,0.32,3596400
BH28C1608A,20160122,0.64,0.68,0.64,0.68,4962500
BH42C1609A,20160122,0.67,0.69,0.67,0.68,14100
BHH16,20160122,220.76,220.76,220.76,220.76,20
BIGC08C1601A,20160122,0.3,0.3,0.27,0.27,746000
BIGC42C1607A,20160122,0.92,0.92,0.9,0.91,122100
BJCH08C1606A,20160122,0.16,0.17,0.16,0.17,380100
BKD-W1,20160122,0.06,0.26,0.06,0.18,423510600
BLAH16,20160122,48.36,48.36,48.36,48.36,20
BLAN01C1601A,20160122,0.28,0.29,0.28,0.29,4601600
BLAN01P1601A,20160122,0.5,0.51,0.5,0.51,75000
BLAN08C1605A,20160122,0.22,0.22,0.22,0.22,461400
BLAN42P1609A,20160122,0.85,0.85,0.85,0.85,3100
BLANDH16,20160122,1.42,1.44,1.42,1.43,350
BLANDM16,20160122,1.45,1.45,1.45,1.45,501
BLANDU16,20160122,1.48,1.48,1.48,1.48,1
BRF16,20160122,1002,1116,991,1112,148
BRG16,20160122,1027,1136,1016,1136,26
BRH16,20160122,1055,1155,1055,1155,13
BROOK-W4,20160122,0.48,0.49,0.48,0.49,500
BRV15,20160122,1729,1730,1680,1701,21
BRX15,20160122,1592,1592,1570,1570,3
BRZ15,20160122,1340,1370,1340,1358,9
BTS01C1602A,20160122,0.13,0.14,0.13,0.13,1668400
BTS01P1602A,20160122,0.84,0.84,0.83,0.84,533400
BTS08C1604A,20160122,0.13,0.13,0.13,0.13,1281200
BTS42C1609A,20160122,0.28,0.28,0.27,0.27,8000
BTS42P1609A,20160122,0.96,0.96,0.96,0.96,5000
BTSH16,20160122,8.4,8.4,8.39,8.4,7
BWG-W3,20160122,0.15,0.15,0.14,0.14,3926100
CBG01C1601A,20160122,0.2,0.2,0.2,0.2,50000
CBG01P1601A,20160122,0.58,0.63,0.57,0.62,562800
CBG06C1608A,20160122,0.47,0.47,0.47,0.47,100000
CBG08C1604A,20160122,0.23,0.25,0.22,0.25,609000
CBG42C1603A,20160122,0.24,0.25,0.24,0.25,28000
CENT01C1604A,20160122,0.44,0.45,0.44,0.44,475400
CENT01P1604A,20160122,0.58,0.58,0.55,0.57,3404700
CENT08C1601A,20160122,0.2,0.2,0.2,0.2,30000
CENT08C1607A,20160122,0.42,0.42,0.41,0.41,883800
CENT11C1603A,20160122,0.73,0.73,0.73,0.73,352000
CENT23C1608A,20160122,0.34,0.35,0.33,0.33,387200
CENT42C1609A,20160122,0.52,0.53,0.52,0.53,68600
CENTELH16,20160122,40.75,40.75,40.75,40.75,1
CGD-W3,20160122,0.09,0.1,0.09,0.09,667900
CHG01C1607A,20160122,0.34,0.35,0.33,0.34,3193700
CHO-W1,20160122,1.37,1.42,1.17,1.17,6958600
CIG-W5,20160122,0.09,0.09,0.08,0.08,195400
CK01C1602A,20160122,0.28,0.28,0.27,0.28,3927800
CK01P1602A,20160122,0.35,0.37,0.35,0.36,1935200
CK06C1602A,20160122,0.23,0.23,0.22,0.22,3860000
CK08C1606A,20160122,0.23,0.24,0.23,0.23,1286000
CK11C1603A,20160122,0.89,0.89,0.89,0.89,400000
CK13C1605A,20160122,0.22,0.22,0.21,0.22,10984000
CK16C1612A,20160122,0.43,0.44,0.43,0.43,213000
CK28C1605A,20160122,0.19,0.2,0.19,0.19,2202800
CK42P1609A,20160122,0.66,0.66,0.65,0.65,10000
CKH16,20160122,27.3,27.3,26.69,26.69,205
CKM16,20160122,27.8,27.8,27.8,27.8,1
CKP01C1601A,20160122,0.01,0.01,0.01,0.01,10000
CKPH16,20160122,2.09,2.09,2.09,2.09,201
CKPM16,20160122,2.1,2.1,2.1,2.1,1
COLOR-W1,20160122,0.59,0.59,0.58,0.58,797500
CPAL01C1602A,20160122,0.14,0.17,0.13,0.15,11889800
CPAL01P1602A,20160122,0.98,1.04,0.95,1,2444400
CPAL06C1601A,20160122,0.52,0.52,0.52,0.52,200000
CPAL06C1611A,20160122,0.37,0.39,0.36,0.39,139000
CPAL08C1607A,20160122,0.41,0.43,0.39,0.41,1259900
CPAL08P1601A,20160122,0.12,0.16,0.09,0.11,595500
CPAL11C1602A,20160122,0.16,0.18,0.16,0.16,914500
CPAL11P1602A,20160122,0.87,0.88,0.8,0.84,866900
CPAL13C1606A,20160122,0.15,0.17,0.15,0.16,2616300
CPAL18C1605A,20160122,0.24,0.24,0.23,0.23,41000
CPAL28C1604A,20160122,0.07,0.07,0.07,0.07,47000
CPAL28C1608A,20160122,0.2,0.21,0.2,0.2,12280800
CPAL42C1611A,20160122,0.26,0.26,0.25,0.25,112000
CPALLH16,20160122,39.2,40.25,39.2,40.25,10
CPF01C1604A,20160122,0.26,0.26,0.25,0.25,9460100
CPF01P1604A,20160122,1.04,1.08,1.01,1.04,6318700
CPF06C1604A,20160122,0.35,0.35,0.34,0.34,436000
CPF06P1609A,20160122,0.94,0.95,0.94,0.95,12000
CPF08C1602A,20160122,0.02,0.02,0.02,0.02,100000
CPF08P1602A,20160122,0.44,0.49,0.42,0.47,1292800
CPF11C1606A,20160122,0.43,0.45,0.42,0.43,1760600
CPF11P1606A,20160122,0.99,1.01,0.96,0.99,2273000
CPF13C1603A,20160122,0.13,0.14,0.13,0.13,16912300
CPF27C1606A,20160122,0.22,0.22,0.21,0.21,885600
CPF27P1605A,20160122,0.96,0.96,0.96,0.96,500
CPF42C1611A,20160122,0.4,0.42,0.4,0.42,1071800
CPFH16,20160122,18.5,18.5,18.5,18.5,101
CPN01C1604A,20160122,0.36,0.37,0.36,0.37,3001600
CPN01P1604A,20160122,0.81,0.82,0.8,0.81,2149500
CPN08C1607A,20160122,0.42,0.43,0.41,0.41,1165000
CPN11C1602A,20160122,0.42,0.42,0.41,0.42,454800
CPN27C1606A,20160122,0.32,0.32,0.3,0.3,662000
CPN42C1611A,20160122,0.45,0.45,0.42,0.42,70000
CSS-W1,20160122,3.36,3.48,3.3,3.32,19900
CWT-W3,20160122,1.15,1.2,1,1.05,7526100
DELT01C1604A,20160122,0.55,0.55,0.5,0.52,528400
DELT11C1607A,20160122,1.14,1.18,1.14,1.16,497200
DELT27C1605A,20160122,0.52,0.52,0.48,0.5,1511400
DELT42C1602A,20160122,0.15,0.15,0.14,0.14,210600
DTAC01C1604A,20160122,0.07,0.08,0.07,0.07,15220200
DTAC01P1604A,20160122,2.12,2.2,2.12,2.16,2786700
DTAC06C1606A,20160122,0.08,0.12,0.07,0.07,2026200
DTAC06P1606A,20160122,4.16,4.22,4.16,4.2,404300
DTAC08C1604A,20160122,0.01,0.01,0.01,0.01,30500
DTAC08C1606A,20160122,0.07,0.07,0.05,0.05,50700
DTAC08C1607A,20160122,0.63,0.63,0.58,0.6,2837600
DTAC08P1604A,20160122,3.46,3.52,3.44,3.52,397600
DTAC08P1607A,20160122,0.31,0.32,0.31,0.32,426600
DTAC11P1603A,20160122,3.02,3.08,3.02,3.04,607400
DTAC13C1603A,20160122,0.01,0.01,0.01,0.01,100
DTAC13C1605A,20160122,0.09,0.09,0.07,0.07,324100
DTAC13C1606A,20160122,0.52,0.52,0.5,0.51,12177400
DTAC13P1606A,20160122,0.41,0.43,0.4,0.43,8743400
DTAC16C1602A,20160122,0.01,0.01,0.01,0.01,500000
DTAC18C1605A,20160122,0.02,0.03,0.02,0.03,200100
DTAC23C1603A,20160122,0.01,0.01,0.01,0.01,809000
DTAC28C1604A,20160122,0.02,0.02,0.02,0.02,7700
DTAC28C1605A,20160122,0.48,0.48,0.45,0.46,34414700
DTACH16,20160122,34.99,34.99,34.99,34.99,42
EART28C1603A,20160122,0.35,0.36,0.35,0.36,202800
EARTHU16,20160122,5.02,5.02,5.02,5.02,1800
EFORL-W2,20160122,0.47,0.47,0.46,0.46,5917700
EGCO42C1603A,20160122,0.63,0.7,0.63,0.63,394800
EMC-W4,20160122,0.01,0.01,0.01,0.01,53467100
EPG01C1607A,20160122,0.67,0.67,0.63,0.63,5242700
EPG11C1607A,20160122,0.66,0.66,0.66,0.66,671000
EPG13C1606A,20160122,0.55,0.55,0.51,0.52,16880000
ESSO13C1606A,20160122,0.13,0.13,0.13,0.13,1400
ESSO42C1602A,20160122,0.21,0.21,0.21,0.21,20000
GEL-W4,20160122,0.03,0.04,0.02,0.03,31169100
GF10G16,20160122,19000,19050,18820,18850,5505
GF10J16,20160122,19100,19130,18890,18920,1712
GF10M16,20160122,19200,19200,18970,19000,767
GF10V15,20160122,19780,19880,19570,19650,2294
GF10Z15,20160122,18430,18450,18400,18410,2461
GFG16,20160122,19000,19040,18820,18850,283
GFJ16,20160122,19030,19080,18900,18920,44
GFM16,20160122,19100,19100,18970,18980,49
GFPT23C1605A,20160122,0.12,0.12,0.11,0.11,172200
GFPT27C1605A,20160122,0.37,0.37,0.36,0.36,338400
GFPT42C1603A,20160122,0.12,0.12,0.11,0.11,56200
GFV15,20160122,19760,19870,19580,19640,323
GFZ15,20160122,18420,18440,18410,18420,476
GLOB11C1604A,20160122,0.16,0.16,0.16,0.16,566600
GLOB23C1609A,20160122,0.33,0.34,0.33,0.33,279600
GLOB27C1608A,20160122,0.19,0.2,0.19,0.2,224200
GLOB42C1611A,20160122,0.22,0.22,0.22,0.22,100
GLOW42C1611A,20160122,0.83,0.85,0.82,0.85,416500
GOLD99,20160122,16.89,16.9,16.89,16.9,500
GREEN-W2,20160122,0.47,0.48,0.41,0.43,9040300
GUNK01C1602A,20160122,0.6,0.61,0.59,0.6,2188500
GUNK01P1602A,20160122,0.58,0.59,0.57,0.59,1817700
GUNK08C1604A,20160122,0.64,0.66,0.63,0.63,322400
GUNK11C1605A,20160122,0.93,0.93,0.9,0.9,624500
GUNK13C1604A,20160122,0.17,0.17,0.17,0.17,1370400
GUNK23C1605A,20160122,0.17,0.17,0.16,0.16,1089200
HANA06C1606A,20160122,0.21,0.21,0.21,0.21,343400
HANA08C1606A,20160122,0.25,0.25,0.23,0.24,405300
HANA11C1604A,20160122,1.55,1.55,1.55,1.55,162400
HANA42C1611A,20160122,0.42,0.42,0.42,0.42,30000
HEMRAJ,20160122,4.36,4.36,4.36,4.36,400400
HK,20160122,4.38,4.38,4.38,4.38,500
HMPR01C1602A,20160122,0.42,0.44,0.42,0.43,618600
HMPR01P1602A,20160122,0.28,0.29,0.27,0.28,1906800
HMPR11C1605A,20160122,0.35,0.35,0.35,0.35,408800
HMPROH16X,20160122,6.83,6.83,6.83,6.83,100
ICHI01P1602A,20160122,1.37,1.37,1.37,1.37,36000
ICHIH16,20160122,12.44,12.44,12.44,12.44,1
ILINK-W1,20160122,26,26,26,26,200
INTU01C1603A,20160122,0.07,0.07,0.07,0.07,3434700
INTU01C1605A,20160122,0.23,0.23,0.21,0.22,18480000
INTU01P1603A,20160122,2.16,2.2,2.14,2.18,1452800
INTU01P1605A,20160122,1.56,1.61,1.56,1.58,3262100
INTU06C1601A,20160122,0.24,0.24,0.21,0.22,16896000
INTU06P1601A,20160122,1.08,1.08,1.08,1.08,19000
INTU11C1604A,20160122,0.05,0.06,0.05,0.05,300000
INTU11P1604A,20160122,2.8,2.82,2.8,2.82,886600
INTU13C1605A,20160122,0.2,0.2,0.19,0.19,1203100
INTU13C1606A,20160122,0.39,0.39,0.37,0.38,9508200
INTU13P1606A,20160122,0.56,0.57,0.55,0.55,3466800
INTU16C1603A,20160122,0.03,0.03,0.03,0.03,500000
INTU23C1603A,20160122,0.05,0.05,0.05,0.05,1000000
INTU23P1608A,20160122,0.56,0.58,0.56,0.57,1423100
INTU28C1605A,20160122,0.15,0.15,0.14,0.14,6055800
INTU28C1605B,20160122,0.44,0.44,0.42,0.42,22429000
INTUCHH16,20160122,53.5,54.2,53.5,53.5,45
IRPC01C1602A,20160122,0.87,0.93,0.87,0.92,5585200
IRPC01C1604A,20160122,0.58,0.62,0.58,0.61,7914300
IRPC01P1602A,20160122,0.27,0.27,0.25,0.26,1304400
IRPC01P1604A,20160122,0.98,0.98,0.92,0.93,5128800
IRPC06C1602A,20160122,0.72,0.73,0.72,0.73,31000
IRPC06C1605A,20160122,0.61,0.67,0.61,0.65,1914400
IRPC08C1606A,20160122,0.62,0.67,0.62,0.65,2684700
IRPC11C1604A,20160122,0.92,0.94,0.92,0.93,820000
IRPC13C1602A,20160122,0.54,0.61,0.54,0.58,4160000
IRPC13P1602A,20160122,0.16,0.16,0.14,0.14,1487600
IRPC23C1609A,20160122,0.39,0.41,0.39,0.4,1266200
IRPC28C1602A,20160122,0.27,0.31,0.27,0.31,105900
IRPC28C1605A,20160122,0.55,0.6,0.55,0.59,3724800
IRPCH16,20160122,4.3,4.42,4.28,4.38,1464
IRPCM16,20160122,4.39,4.39,4.39,4.39,502
ITD01C1602A,20160122,0.26,0.26,0.25,0.25,9394400
ITD01C1604A,20160122,0.23,0.25,0.23,0.23,5872600
ITD01P1602A,20160122,1,1.01,0.98,1,7531200
ITD01P1604A,20160122,1.28,1.29,1.26,1.28,9354800
ITD06C1608A,20160122,0.46,0.46,0.45,0.45,505100
ITD08C1602A,20160122,0.04,0.04,0.04,0.04,1195000
ITD08P1602A,20160122,0.2,0.21,0.19,0.21,323800
ITD13C1606A,20160122,0.29,0.3,0.29,0.29,9527300
ITD13P1602A,20160122,0.24,0.25,0.24,0.24,13473200
ITD27C1605A,20160122,0.31,0.31,0.3,0.3,54000
ITD28C1605A,20160122,0.27,0.27,0.26,0.26,10443200
ITD42C1609A,20160122,0.33,0.33,0.33,0.33,16500
ITDH16,20160122,7.04,7.18,6.95,7.05,8609
ITDM16,20160122,7.11,7.16,7.05,7.07,94
IVL01C1602A,20160122,0.06,0.07,0.06,0.07,525000
IVL01C1606A,20160122,0.72,0.75,0.71,0.73,6890800
IVL01P1602A,20160122,0.68,0.68,0.65,0.65,2967400
IVL01P1606A,20160122,0.98,0.99,0.95,0.96,2144100
IVL06C1601A,20160122,0.53,0.55,0.52,0.55,750000
IVL06C1608A,20160122,0.18,0.18,0.18,0.18,190000
IVL08C1604A,20160122,0.22,0.24,0.21,0.24,1743300
IVL08P1604A,20160122,0.63,0.65,0.58,0.59,4458400
IVL11C1606A,20160122,0.48,0.52,0.48,0.51,2721700
IVL11P1606A,20160122,1.3,1.3,1.24,1.25,1288600
IVL13C1602A,20160122,0.05,0.05,0.05,0.05,100000
IVL13C1606A,20160122,0.39,0.42,0.39,0.42,4428400
IVL27C1607A,20160122,0.19,0.21,0.19,0.21,765800
IVL28C1605A,20160122,0.25,0.26,0.25,0.25,4720700
IVLH16,20160122,20.6,21.09,20.6,21.09,704
JAS01C1603A,20160122,0.03,0.04,0.03,0.03,17089000
JAS01C1605A,20160122,0.14,0.16,0.14,0.16,1308300
JAS01P1603A,20160122,1,1,1,1,47300
JAS01P1605A,20160122,2.04,2.06,2,2,460100
JAS08C1602A,20160122,0.01,0.01,0.01,0.01,50000
JAS08C1607A,20160122,0.34,0.34,0.33,0.34,1562200
JAS08P1602A,20160122,1.09,1.09,1.09,1.09,1500
JAS08P1607A,20160122,0.8,0.81,0.8,0.8,597800
JAS13C1602A,20160122,0.01,0.01,0.01,0.01,100000
JAS13C1606A,20160122,0.13,0.13,0.13,0.13,1211800
JAS23P1609A,20160122,0.75,0.75,0.74,0.74,268800
JAS28C1604A,20160122,0.04,0.05,0.04,0.05,1450000
JAS28C1605A,20160122,0.26,0.28,0.26,0.28,2100000
JASH16,20160122,2.96,2.99,2.93,2.98,4272
JASM16,20160122,3,3,2.99,2.99,3
JASU16,20160122,3.03,3.03,3.03,3.03,100
KBAN01C1602A,20160122,0.32,0.36,0.29,0.34,26710500
KBAN01C1604A,20160122,0.63,0.69,0.61,0.66,33113100
KBAN01P1602A,20160122,1.55,1.59,1.45,1.5,19832300
KBAN01P1604A,20160122,1.16,1.18,1.1,1.13,34148800
KBAN06C1601A,20160122,0.82,0.91,0.82,0.88,117000
KBAN06P1601A,20160122,1.46,1.46,1.46,1.46,1000
KBAN08C1605A,20160122,0.28,0.3,0.25,0.27,4867000
KBAN08P1602A,20160122,0.71,0.76,0.61,0.65,4585300
KBAN13C1602A,20160122,0.17,0.2,0.15,0.19,6850500
KBAN13C1606A,20160122,0.89,0.95,0.86,0.91,16547700
KBAN13P1602A,20160122,0.91,0.91,0.81,0.81,210100
KBAN23C1603A,20160122,0.05,0.07,0.05,0.05,606500
KBAN23P1608A,20160122,0.78,0.79,0.72,0.74,582900
KBAN28C1603A,20160122,0.16,0.19,0.15,0.17,58234100
KBAN28C1605A,20160122,0.65,0.7,0.63,0.68,25797000
KBAN28C1607A,20160122,0.09,0.09,0.08,0.09,3562200
KBAN28P1604A,20160122,0.39,0.4,0.37,0.37,11499700
KBAN42C1611A,20160122,0.72,0.77,0.71,0.75,3489200
KBANKH16,20160122,163,163,158.7,162.5,551
KBANKM16,20160122,162.27,162.27,162.27,162.27,21
KCE-W2,20160122,69,73,69,73,10600
KCE01C1603A,20160122,1.08,1.28,1.08,1.25,6119400
KCE08C1601A,20160122,1.32,1.56,1.32,1.52,2000
KCE08C1607A,20160122,1.06,1.23,1.06,1.23,2446000
KCE11C1605A,20160122,1.38,1.54,1.38,1.54,681900
KCE23C1602A,20160122,1.23,1.24,1.23,1.24,173200
KG965,20160122,15.42,15.5,15.41,15.5,2600
KKP42C1611A,20160122,0.54,0.56,0.54,0.56,19000
KKPH16,20160122,37.82,37.82,37.82,37.82,40
KKPM16,20160122,36.83,36.83,36.83,36.83,20
KTB01C1602A,20160122,0.25,0.31,0.25,0.31,5663000
KTB01C1604A,20160122,0.4,0.45,0.39,0.45,9372200
KTB01P1602A,20160122,0.72,0.72,0.62,0.63,7994200
KTB01P1604A,20160122,0.62,0.62,0.55,0.56,7079700
KTB06C1601A,20160122,0.44,0.49,0.44,0.49,75000
KTB06C1611A,20160122,0.58,0.64,0.58,0.64,100800
KTB08C1607A,20160122,0.25,0.31,0.25,0.31,888600
KTB11C1606A,20160122,0.47,0.52,0.47,0.52,1994700
KTB11P1606A,20160122,0.71,0.71,0.66,0.66,690800
KTB13C1603A,20160122,0.26,0.32,0.26,0.32,16183700
KTB13P1605A,20160122,0.58,0.58,0.56,0.56,433500
KTB23C1605A,20160122,0.19,0.23,0.19,0.22,1215400
KTB23P1603A,20160122,0.24,0.24,0.2,0.2,428000
KTB27C1605A,20160122,0.29,0.32,0.29,0.32,300000
KTB28C1603A,20160122,0.13,0.15,0.13,0.15,2501200
KTB28C1605A,20160122,0.36,0.4,0.36,0.4,3623800
KTBH16,20160122,17.01,17.6,16.91,17.51,7152
KTBM16,20160122,16.52,16.85,16.4,16.8,2230
KTBU16,20160122,16.69,16.95,16.66,16.95,19
KTC01C1602A,20160122,0.89,0.91,0.88,0.88,1341600
KTC06C1611A,20160122,0.67,0.67,0.67,0.67,6400
KTC08C1607A,20160122,1.05,1.07,1.05,1.07,1127500
KTC11C1601A,20160122,0.38,0.38,0.38,0.38,102200
KTC11C1607A,20160122,1.22,1.23,1.21,1.23,622800
KTC13C1603A,20160122,0.09,0.09,0.08,0.09,398400
KTC27C1603A,20160122,0.2,0.2,0.2,0.2,2000000
KTC42P1601A,20160122,1.03,1.05,1.03,1.05,20000
LH01C1603A,20160122,0.35,0.38,0.35,0.36,6488400
LH01P1603A,20160122,0.67,0.67,0.62,0.63,1786200
LH11C1605A,20160122,0.51,0.54,0.51,0.54,1344600
LH42P1602A,20160122,0.64,0.64,0.64,0.64,60200
LHBA42C1603A,20160122,0.1,0.1,0.1,0.1,400000
LHH16,20160122,8.54,8.6,8.54,8.6,3
LHU16,20160122,8.65,8.65,8.65,8.65,100
LPN01C1603A,20160122,0.12,0.13,0.12,0.12,1858200
LPN01P1603A,20160122,1,1.01,0.98,0.99,1208500
LPN06C1609A,20160122,0.43,0.43,0.41,0.43,146500
LPN08C1607A,20160122,0.27,0.28,0.26,0.27,3252400
LPN11C1605A,20160122,0.22,0.23,0.22,0.23,1117600
LPNH16,20160122,14.31,14.31,14.31,14.31,200
LPNM16,20160122,14.24,14.24,14.24,14.24,100
MAJO11C1607A,20160122,0.3,0.3,0.29,0.29,194000
MEU,20160122,8.19,8.19,8.19,8.19,900
MILL-W2,20160122,0.11,0.12,0.1,0.11,6559900
MINT01C1604A,20160122,0.27,0.32,0.27,0.32,7386700
MINT01P1604A,20160122,0.62,0.62,0.56,0.59,2978800
MINT06C1603A,20160122,0.39,0.45,0.39,0.42,1249600
MINT08C1601A,20160122,0.1,0.16,0.09,0.15,1761400
MINT08C1607A,20160122,0.24,0.28,0.24,0.27,2368900
MINT11C1601A,20160122,0.23,0.3,0.22,0.27,1904200
MINT11C1607A,20160122,0.43,0.47,0.43,0.45,1243500
MINT11P1601A,20160122,0.2,0.2,0.16,0.18,3931000
MINT11P1607A,20160122,0.67,0.67,0.64,0.64,1261400
MINT13C1606A,20160122,0.29,0.32,0.29,0.32,1044100
MINT23C1608A,20160122,0.23,0.27,0.23,0.26,558600
MINT27C1608A,20160122,0.36,0.39,0.36,0.39,1576000
MINT28C1605A,20160122,0.18,0.21,0.18,0.2,2836400
MINT42C1602A,20160122,0.22,0.25,0.22,0.23,1325000
MINT42P1602A,20160122,0.22,0.22,0.2,0.2,987600
MINTH16X,20160122,32.01,32.01,32.01,32.01,100
MINTM16,20160122,32.94,32.94,32.94,32.94,500
MINTU16,20160122,33.64,33.64,33.64,33.64,120
MUS,20160122,9.85,9.96,9.85,9.96,30300
NEP-W2,20160122,0.11,0.11,0.09,0.11,250800
NPP-W1,20160122,0.6,0.65,0.6,0.64,107500
NUSA-W1,20160122,0.08,0.08,0.07,0.07,523200
PAE-W1,20160122,0.04,0.04,0.03,0.03,5701600
PS,20160122,24.4,24.4,24.2,24.3,1695300
PS01C1603A,20160122,0.15,0.15,0.15,0.15,1480900
PTG01C1607A,20160122,0.47,0.51,0.46,0.51,919700
PTT01C1602A,20160122,0.03,0.03,0.02,0.02,14061300
PTT01C1604A,20160122,0.23,0.28,0.21,0.27,63054600
PTT01P1602A,20160122,3.16,3.22,3.04,3.06,8670400
PTT01P1604A,20160122,1.7,1.74,1.57,1.57,31953700
PTT06C1601A,20160122,0.21,0.28,0.17,0.26,19765100
PTT06C1611A,20160122,0.52,0.57,0.5,0.56,11403400
PTT06P1601A,20160122,3.04,3.04,2.84,2.84,230200
PTT08C1607A,20160122,0.19,0.24,0.18,0.22,21219000
PTT08P1602A,20160122,2.44,2.6,2.22,2.26,3535800
PTT11C1603A,20160122,0.23,0.29,0.22,0.28,5404100
PTT11P1602A,20160122,1.6,1.63,1.47,1.47,1999700
PTT13C1603A,20160122,0.13,0.17,0.12,0.17,15282100
PTT13C1604A,20160122,0.04,0.07,0.04,0.06,41083300
PTT13C1607A,20160122,0.49,0.53,0.45,0.52,37736000
PTT13P1606A,20160122,1.59,1.66,1.47,1.48,1870100
PTT13P1607A,20160122,1.16,1.19,1.09,1.09,25519100
PTT16C1601A,20160122,0.01,0.01,0.01,0.01,100000
PTT23C1603A,20160122,0.06,0.09,0.06,0.07,5426200
PTT23P1608A,20160122,1.23,1.28,1.12,1.12,1568200
PTT27C1607A,20160122,0.24,0.29,0.23,0.29,1332600
PTT27P1607A,20160122,1.86,1.86,1.83,1.83,88800
PTT28C1605A,20160122,0.31,0.37,0.29,0.36,44436800
PTT28C1607A,20160122,0.04,0.04,0.04,0.04,10352500
PTT28P1602A,20160122,1.08,1.11,0.87,0.93,179900
PTT42P1611A,20160122,2.42,2.44,2.28,2.28,286100
PTTE01C1603A,20160122,0.13,0.2,0.13,0.2,20580700
PTTE01C1605A,20160122,0.26,0.36,0.26,0.36,39104900
PTTE01P1603A,20160122,2.64,2.68,2.4,2.4,4039500
PTTE01P1605A,20160122,2.08,2.12,1.89,1.89,10169300
PTTE06C1609A,20160122,0.24,0.31,0.23,0.31,10375900
PTTE06P1602A,20160122,2.96,2.96,2.86,2.86,2500
PTTE08C1607A,20160122,0.04,0.07,0.04,0.07,11273900
PTTE11C1604A,20160122,0.12,0.16,0.11,0.16,2701400
PTTE11P1604A,20160122,2.9,2.94,2.72,2.72,3416800
PTTE13C1605A,20160122,0.07,0.12,0.07,0.12,4309500
PTTE13P1604A,20160122,2.92,2.94,2.52,2.62,10036100
PTTE16C1612A,20160122,0.18,0.2,0.18,0.2,127000
PTTE23C1605A,20160122,0.01,0.01,0.01,0.01,1310800
PTTE23P1608A,20160122,1.6,1.6,1.38,1.38,310700
PTTE27C1605A,20160122,0.02,0.03,0.01,0.03,808200
PTTE28C1607A,20160122,0.05,0.09,0.05,0.08,1178000
PTTE28C1608A,20160122,0.3,0.36,0.29,0.36,14573500
PTTE28P1604A,20160122,0.96,0.98,0.82,0.85,570400
PTTEPH16,20160122,43.9,48,43.9,47.5,658
PTTEPM16,20160122,47.11,47.62,47.11,47.62,159
PTTEPU16,20160122,47.04,47.04,47.04,47.04,80
PTTG01C1601A,20160122,0.01,0.01,0.01,0.01,1514000
PTTG01C1605A,20160122,0.46,0.5,0.45,0.5,23223200
PTTG01P1601A,20160122,1.67,1.74,1.62,1.62,2774700
PTTG01P1605A,20160122,1.04,1.09,1.01,1.02,10947900
PTTG06C1609A,20160122,0.57,0.58,0.53,0.58,480200
PTTG06P1609A,20160122,1.4,1.4,1.4,1.4,200
PTTG08C1607A,20160122,0.26,0.28,0.25,0.27,2927900
PTTG08P1602A,20160122,0.87,0.96,0.79,0.82,4068900
PTTG11C1607A,20160122,0.54,0.6,0.54,0.59,2428100
PTTG11P1601A,20160122,1.97,2.02,1.9,1.9,611000
PTTG11P1607A,20160122,0.94,0.97,0.9,0.9,2376500
PTTG13C1602A,20160122,0.1,0.11,0.1,0.1,1495000
PTTG13C1606A,20160122,0.34,0.37,0.33,0.36,5620500
PTTG18C1605A,20160122,0.3,0.32,0.28,0.31,19200
PTTG23C1605A,20160122,0.35,0.38,0.33,0.37,4279800
PTTG27C1605A,20160122,0.18,0.21,0.18,0.21,1190000
PTTG28C1602A,20160122,0.01,0.01,0.01,0.01,90000
PTTG28C1606A,20160122,0.5,0.52,0.47,0.51,18077900
PTTGCH16,20160122,47.9,48.95,47.9,48.5,310
PTTGCM16,20160122,49.94,49.94,48.75,48.75,42
PTTH16,20160122,208.49,214.99,205,212.9,613
PTTM16,20160122,210,214.5,210,212.92,11
PTTU16,20160122,214,214,213.21,213.21,9
QH01C1601A,20160122,0.21,0.21,0.2,0.2,516200
QH01P1601A,20160122,0.45,0.45,0.45,0.45,124000
QH08C1605A,20160122,0.13,0.13,0.12,0.12,50500
QH11C1607A,20160122,0.39,0.39,0.39,0.39,286800
QH13C1603A,20160122,0.16,0.16,0.15,0.15,473200
QH28C1603A,20160122,0.13,0.13,0.12,0.12,1628300
QH42C1611A,20160122,0.26,0.26,0.26,0.26,42000
QHH16X,20160122,2.2,2.22,2.2,2.21,44
QHM16,20160122,2.2,2.2,2.1,2.1,702
ROBI08C1607A,20160122,0.36,0.37,0.36,0.37,967500
ROBI11C1606A,20160122,0.45,0.45,0.45,0.45,963000
ROBI27C1606A,20160122,0.25,0.25,0.24,0.25,1105000
ROBI42C1609A,20160122,0.43,0.43,0.42,0.42,761800
ROBINSH16,20160122,39.75,39.75,39.75,39.75,1
ROJNA-W3,20160122,1.2,1.2,1.18,1.18,21100
RS01C1606A,20160122,0.25,0.25,0.25,0.25,10000
RS01P1602A,20160122,0.86,0.87,0.86,0.87,330400
RS01P1606A,20160122,1.07,1.08,1.07,1.08,335200
S01C1604A,20160122,0.13,0.14,0.13,0.14,460000
S5001C1601A,20160122,0.02,0.03,0.02,0.02,8889800
S5001C1601B,20160122,0.01,0.01,0.01,0.01,58800
S5001C1602A,20160122,0.09,0.12,0.08,0.1,48688200
S5001C1602B,20160122,0.52,0.58,0.49,0.57,27351900
S5001C1603F,20160122,0.43,0.5,0.39,0.48,102166400
S5001P1601A,20160122,1.97,2.04,1.9,1.91,4981000
S5001P1601B,20160122,2.16,2.2,2.04,2.04,206300
S5001P1602A,20160122,1.27,1.3,1.21,1.22,27509400
S5001P1602B,20160122,1.22,1.27,1.09,1.1,85174600
S5001P1603F,20160122,2.24,2.36,2.1,2.12,35947600
S5006C1603A,20160122,0.06,0.09,0.06,0.08,19662300
S5006C1606A,20160122,1.14,1.14,1.14,1.14,5000
S5006P1603A,20160122,1.21,1.21,1.07,1.09,8486100
S5006P1606A,20160122,0.83,0.87,0.76,0.87,2941300
S5013C1601A,20160122,0.01,0.01,0.01,0.01,2000
S5013C1602A,20160122,0.05,0.07,0.05,0.07,21072400
S5013C1603A,20160122,0.43,0.5,0.4,0.47,178324200
S5013C1603B,20160122,1.03,1.18,0.91,1.1,43455300
S5013C1603C,20160122,0.68,0.75,0.63,0.71,5620900
S5013P1601A,20160122,0.94,1.09,0.79,0.82,5281100
S5013P1602A,20160122,1.36,1.43,1.23,1.25,8711400
S5013P1603A,20160122,1.03,1.09,0.94,0.96,86671600
S5013P1603B,20160122,1.31,1.48,1.17,1.2,56212900
S5028C1601A,20160122,0.01,0.01,0.01,0.01,100
S5028C1602A,20160122,0.37,0.43,0.33,0.4,60337900
S5028C1602B,20160122,0.12,0.17,0.11,0.16,899000
S5028C1603A,20160122,0.76,0.89,0.75,0.85,47141700
S5028C1603B,20160122,0.49,0.53,0.44,0.53,118605500
S5028P1601B,20160122,1.51,1.51,1.25,1.25,15000
S5028P1602A,20160122,1.19,1.27,1.07,1.1,1341200
S5028P1602B,20160122,0.56,0.59,0.47,0.48,100340600
S5028P1603A,20160122,0.73,0.79,0.67,0.69,139761300
S5028P1603B,20160122,0.43,0.46,0.39,0.39,17675500
S50F16,20160122,786,797,782.1,795.6,117
S50G16,20160122,772.5,790,772.5,787.6,24
S50H16,20160122,777.6,786.9,769.5,783.4,162288
S50M16,20160122,762.5,770,753.5,767,9295
S50U16,20160122,752.4,756,740.4,752.5,749
SAMA01C1602A,20160122,0.28,0.29,0.26,0.27,5675700
SAMA01C1606A,20160122,0.79,0.8,0.77,0.78,3459600
SAMA01P1602A,20160122,0.87,0.89,0.85,0.87,2325900
SAMA01P1606A,20160122,0.65,0.67,0.65,0.65,3301400
SAMA06C1603A,20160122,0.02,0.02,0.02,0.02,30000
SAMA08C1605A,20160122,0.33,0.34,0.33,0.33,1674400
SAMA11C1603A,20160122,0.32,0.34,0.32,0.32,607600
SAMA13C1605A,20160122,0.51,0.52,0.5,0.5,6801300
SAMA27C1603A,20160122,0.01,0.02,0.01,0.02,1108100
SAMA28C1604A,20160122,0.18,0.19,0.18,0.18,3439900
SAMA28C1605A,20160122,0.61,0.63,0.6,0.6,2704700
SAMA42C1609A,20160122,0.41,0.41,0.39,0.4,327700
SAMARTH16,20160122,18.5,18.5,18.5,18.5,101
SAWA01C1602A,20160122,0.62,0.7,0.62,0.7,4336300
SAWA01P1602A,20160122,0.29,0.29,0.25,0.25,1114500
SAWA06C1606A,20160122,0.85,0.85,0.85,0.85,100
SAWA08C1605A,20160122,0.55,0.6,0.55,0.58,1891600
SAWA11C1605A,20160122,0.66,0.71,0.66,0.71,1115900
SAWA13C1605A,20160122,0.47,0.54,0.47,0.52,1586400
SAWADH16,20160122,43.75,43.75,43.75,43.75,100
SCB01C1602A,20160122,0.16,0.21,0.16,0.21,14856700
SCB01C1604A,20160122,0.35,0.41,0.35,0.39,25524800
SCB01P1602A,20160122,1.45,1.45,1.31,1.35,4206500
SCB01P1604A,20160122,1.18,1.18,1.1,1.12,17870000
SCB06C1609A,20160122,0.24,0.28,0.24,0.27,991500
SCB08C1606A,20160122,0.3,0.36,0.3,0.36,4409500
SCB11C1606A,20160122,0.46,0.52,0.46,0.51,4940200
SCB11P1606A,20160122,1.46,1.46,1.37,1.38,5542400
SCB13C1605A,20160122,0.31,0.37,0.31,0.36,5522000
SCB16C1602A,20160122,0.04,0.04,0.03,0.03,56000
SCB28C1604A,20160122,0.2,0.24,0.19,0.24,12690700
SCB28C1608A,20160122,0.32,0.36,0.32,0.35,11687700
SCB42C1602A,20160122,0.03,0.03,0.03,0.03,751100
SCBH16,20160122,116.3,121,116.3,120,90
SCBM16,20160122,116,116,116,116,20
SCC01C1601A,20160122,0.02,0.03,0.01,0.02,11562900
SCC01C1605A,20160122,0.46,0.5,0.45,0.47,21951900
SCC01P1601A,20160122,1.39,1.39,1.34,1.36,3821000
SCC01P1605A,20160122,0.84,0.85,0.81,0.83,10599700
SCC06C1611A,20160122,0.52,0.55,0.52,0.54,459900
SCC08C1604A,20160122,0.08,0.09,0.08,0.08,699900
SCC08P1604A,20160122,1,1,0.94,0.96,1422500
SCC11C1606A,20160122,0.34,0.36,0.34,0.35,2451800
SCC11P1606A,20160122,1.24,1.24,1.2,1.21,2435800
SCC13C1603A,20160122,0.13,0.14,0.12,0.14,49624600
SCC13P1603A,20160122,0.92,0.92,0.92,0.92,2185800
SCC23C1604A,20160122,0.22,0.25,0.21,0.23,1417800
SCC23P1608A,20160122,1.07,1.07,1.02,1.04,397400
SCC28C1603A,20160122,0.05,0.08,0.05,0.06,6401500
SCC42C1611A,20160122,0.44,0.44,0.44,0.44,89500
SCC42P1611A,20160122,1.48,1.48,1.45,1.45,80000
SCCC42C1607A,20160122,0.37,0.37,0.35,0.35,175000
SCCH16,20160122,413.9,413.9,411,411,144
SCCM16,20160122,406.79,406.79,406.79,406.79,80
SCCU16,20160122,413.63,413.63,410,410,20
SIM13C1606A,20160122,0.06,0.06,0.05,0.06,3414500
SIM42C1607A,20160122,0.03,0.04,0.02,0.03,11721400
SIRI01C1603A,20160122,0.16,0.17,0.16,0.16,757800
SIRI01P1603A,20160122,1.09,1.09,1.07,1.07,953000
SIRI06C1606A,20160122,0.34,0.35,0.33,0.34,251900
SIRI08P1602A,20160122,0.44,0.44,0.43,0.43,5800
SIRI28C1604A,20160122,0.11,0.11,0.11,0.11,3109800
SIRIH16,20160122,1.4,1.43,1.4,1.43,909
SIRIM16,20160122,1.44,1.45,1.44,1.45,2
SMM-W3,20160122,0.51,0.52,0.47,0.48,4706100
SPAL01C1604A,20160122,0.41,0.41,0.4,0.4,1131000
SPAL01P1604A,20160122,0.7,0.71,0.69,0.7,552900
SPAL08C1602A,20160122,0.09,0.09,0.08,0.08,90600
SPAL08P1602A,20160122,0.1,0.1,0.09,0.09,1451000
SPAL23C1609A,20160122,0.4,0.4,0.4,0.4,88800
SPALIH16,20160122,18.21,18.21,18.21,18.21,200
SPCG11C1604A,20160122,0.42,0.42,0.4,0.4,281400
SPWPF,20160122,10.1,10.1,10,10.1,62800
STA06C1602A,20160122,0.12,0.12,0.11,0.12,40000
STA13C1606A,20160122,0.07,0.07,0.07,0.07,456600
STAR-W2,20160122,4.5,5.45,4.5,5.45,600
STEC01C1602A,20160122,0.39,0.41,0.36,0.36,3558500
STEC01P1602A,20160122,0.79,0.83,0.79,0.82,1094000
STEC06C1605A,20160122,0.69,0.69,0.64,0.65,3000
STEC08C1604A,20160122,0.1,0.1,0.09,0.09,37500
STEC11C1602A,20160122,0.33,0.33,0.33,0.33,351400
STEC11P1602A,20160122,0.94,1.02,0.94,1.01,908400
STEC13C1603A,20160122,0.06,0.06,0.05,0.05,250000
STECH16,20160122,21.48,21.48,21.48,21.48,200
STECM16,20160122,22.07,22.07,22.07,22.07,2
STPI01P1602A,20160122,1.34,1.34,1.34,1.34,19800
STPI06C1608A,20160122,0.08,0.08,0.07,0.08,323200
STPI08C1604A,20160122,0.02,0.02,0.01,0.02,125100
STPI11C1607A,20160122,0.63,0.66,0.63,0.66,1950100
STPI23C1608A,20160122,0.2,0.2,0.19,0.2,325000
STPI42C1603A,20160122,0.01,0.02,0.01,0.02,156700
SVI01C1603A,20160122,0.25,0.3,0.25,0.29,4888600
SVI11C1605A,20160122,0.39,0.43,0.39,0.43,986600
SVI23C1607A,20160122,0.69,0.75,0.69,0.75,655800
TASC01C1607A,20160122,0.57,0.57,0.56,0.56,1144000
TASC01P1607A,20160122,1.01,1.02,1,1.02,4318100
TASC11C1607A,20160122,0.67,0.68,0.67,0.68,392200
TASC13C1607A,20160122,0.41,0.43,0.41,0.42,1788900
TCAP01C1601A,20160122,0.5,0.54,0.5,0.53,1927200
TCAP01P1601A,20160122,0.05,0.06,0.05,0.06,2867800
TCAP42C1611A,20160122,0.51,0.54,0.5,0.53,1363100
TCAPH16,20160122,31.51,37,31.51,37,330
TCAPM16,20160122,32.12,32.12,32.12,32.12,1
TCJ-W1,20160122,0.68,0.75,0.57,0.57,1481300
TCMC-W1,20160122,1.59,1.65,1.52,1.53,318100
TFD-W2,20160122,0.27,0.31,0.27,0.29,1771600
TFD-W3,20160122,0.3,0.32,0.29,0.29,5067800
THAI08C1606A,20160122,0.16,0.16,0.16,0.16,401200
THCO01C1601A,20160122,0.01,0.01,0.01,0.01,1900
THCO01C1606A,20160122,0.39,0.39,0.38,0.38,2518700
THCO01P1606A,20160122,0.54,0.55,0.54,0.55,1123800
THCO08C1605A,20160122,0.1,0.11,0.09,0.09,1776700
THCO11C1607A,20160122,0.35,0.35,0.35,0.35,300000
THCO27C1603A,20160122,0.02,0.02,0.02,0.02,20000
THCO27C1608A,20160122,0.27,0.27,0.27,0.27,200
THCO42C1609A,20160122,0.17,0.17,0.17,0.17,200500
THCO42P1609A,20160122,0.73,0.73,0.73,0.73,4800
THCOMH16,20160122,27.39,27.39,26.1,26.1,15
THCOMM16,20160122,27.3,27.3,27.3,27.3,1
TISC42C1603A,20160122,0.18,0.18,0.16,0.17,811400
TMB01C1601A,20160122,0.4,0.43,0.4,0.42,3381700
TMB01C1605A,20160122,0.37,0.4,0.37,0.39,7753500
TMB01P1601A,20160122,0.21,0.21,0.18,0.19,2213000
TMB01P1605A,20160122,0.44,0.44,0.41,0.41,2298800
TMB08C1606A,20160122,0.21,0.23,0.21,0.22,470200
TMB11C1602A,20160122,0.31,0.33,0.3,0.31,1084200
TMB11P1604A,20160122,0.43,0.43,0.4,0.41,1959000
TMB13C1605A,20160122,0.16,0.18,0.16,0.17,1854000
TMB23C1608A,20160122,0.38,0.4,0.38,0.39,207400
TMB28C1604A,20160122,0.16,0.17,0.16,0.17,2913600
TMBH16,20160122,2.45,2.52,2.45,2.49,1718
TMBM16,20160122,2.47,2.47,2.47,2.47,2
TOP01C1603A,20160122,0.82,0.92,0.81,0.9,15438800
TOP01P1603A,20160122,0.43,0.46,0.39,0.4,3689200
TOP06C1602A,20160122,1.32,1.34,1.32,1.34,14000
TOP08C1606A,20160122,0.69,0.78,0.67,0.78,4483000
TOP11C1605A,20160122,0.96,1.07,0.96,1.07,1654200
TOP11P1605A,20160122,0.62,0.63,0.55,0.55,2410300
TOP13C1606A,20160122,1.07,1.17,1.06,1.15,10750600
TOP23C1605A,20160122,1.36,1.44,1.36,1.43,1197300
TOP28C1604A,20160122,0.59,0.68,0.57,0.65,17190000
TOPH16,20160122,65.25,65.7,65.2,65.7,43
TOPM16,20160122,65.7,65.7,65.7,65.7,20
TOPU16,20160122,66.18,66.18,66.18,66.18,20
TPAC-W1,20160122,2.86,2.86,2.78,2.8,266800
TPIP01C1601A,20160122,0.08,0.13,0.08,0.13,5365500
TPIP01C1604A,20160122,0.17,0.2,0.16,0.2,3253100
TPIP01P1601A,20160122,0.79,0.79,0.73,0.73,1102600
TPIP01P1604A,20160122,1.05,1.06,0.98,0.98,3821600
TPIP06C1609A,20160122,0.32,0.37,0.31,0.36,3770000
TPIP08C1606A,20160122,0.19,0.23,0.19,0.23,1319200
TPIP08P1602A,20160122,0.31,0.31,0.24,0.24,482800
TPIP11C1606A,20160122,0.32,0.36,0.32,0.36,3534400
TPIP11P1606A,20160122,1.09,1.1,1.01,1.01,3250200
TPIP13C1603A,20160122,0.04,0.06,0.04,0.06,151400
TPIP13C1604A,20160122,0.06,0.07,0.06,0.07,480300
TPIP13C1606A,20160122,0.18,0.23,0.18,0.23,8475900
TPIP16C1604A,20160122,0.1,0.11,0.1,0.11,416000
TPIP18C1605A,20160122,0.3,0.3,0.3,0.3,100000
TPIP27C1608A,20160122,0.27,0.27,0.27,0.27,100000
TPIP28C1603A,20160122,0.03,0.04,0.03,0.04,180000
TPIP28C1605A,20160122,0.17,0.21,0.17,0.2,10372900
TPIPLH16,20160122,2.03,2.13,2.01,2.13,2983
TPIPLM16,20160122,2.05,2.17,2.05,2.17,205
TPIPLU16,20160122,2.13,2.13,2.13,2.13,200
TRITN-W2,20160122,0.34,0.35,0.31,0.31,2993000
TRUE01C1603A,20160122,0.07,0.08,0.07,0.07,4239800
TRUE01C1605A,20160122,0.22,0.23,0.21,0.22,12762700
TRUE01P1603A,20160122,1.6,1.61,1.57,1.58,1775100
TRUE01P1605A,20160122,1.22,1.22,1.18,1.18,2982100
TRUE06C1608A,20160122,0.09,0.1,0.08,0.09,9813800
TRUE08C1605A,20160122,0.02,0.02,0.02,0.02,900
TRUE08C1605B,20160122,0.19,0.19,0.19,0.19,1030200
TRUE08C1607A,20160122,0.35,0.38,0.35,0.36,2856100
TRUE08P1607A,20160122,0.57,0.58,0.56,0.56,1618300
TRUE11P1604A,20160122,1.74,1.74,1.71,1.71,1415200
TRUE13C1605A,20160122,0.15,0.15,0.14,0.15,3395300
TRUE13C1606A,20160122,0.4,0.42,0.4,0.4,10220200
TRUE13P1606A,20160122,0.48,0.49,0.48,0.48,3956200
TRUE28C1604A,20160122,0.08,0.08,0.08,0.08,800000
TRUE28C1605A,20160122,0.29,0.29,0.28,0.28,9652400
TRUE28C1609A,20160122,0.06,0.06,0.06,0.06,100000
TRUEH16,20160122,6.61,6.78,6.56,6.69,6785
TRUEM16,20160122,6.63,6.83,6.59,6.75,679
TTA01P1604A,20160122,0.83,0.84,0.83,0.83,1005000
TTA08C1604A,20160122,0.01,0.02,0.01,0.01,5559600
TTA08P1604A,20160122,1.02,1.04,1.02,1.03,38000
TTAH16,20160122,7.29,7.29,7.29,7.29,103
TTAM16,20160122,7.28,7.28,7.28,7.28,10
TTCL06C1606A,20160122,0.06,0.07,0.05,0.06,3556100
TTCL08C1605A,20160122,0.13,0.13,0.12,0.13,7596700
TU01C1603A,20160122,0.28,0.29,0.27,0.28,2579500
TU01P1603A,20160122,0.64,0.67,0.64,0.67,777300
TU11C1607A,20160122,0.6,0.61,0.58,0.58,815400
TUH16,20160122,17.42,17.42,17.42,17.42,180
TVD-W1,20160122,0.29,0.33,0.28,0.29,217200
TVOH16,20160122,23.17,23.17,23.17,23.17,100
UNIQ01C1602A,20160122,0.2,0.21,0.2,0.21,1972600
UNIQ08C1605A,20160122,0.21,0.22,0.2,0.21,328100
UNIQ11C1606A,20160122,0.52,0.52,0.52,0.52,428000
UNIQ23C1609A,20160122,0.23,0.24,0.23,0.24,117000
UNIQ28C1603A,20160122,0.12,0.13,0.12,0.13,862700
UNIQ42C1611A,20160122,0.49,0.49,0.49,0.49,1000
UOB8TF,20160122,9.05,9.05,9.05,9.05,40000
USDF16,20160122,36.16,36.16,36.05,36.05,4
USDG16,20160122,36.21,36.21,36.18,36.18,17
USDH16,20160122,36.3,36.35,36.08,36.08,1237
USDM16,20160122,36.49,36.49,36.15,36.15,333
VGI01C1601A,20160122,0.04,0.04,0.03,0.03,11100
VGI01P1601A,20160122,1.43,1.44,1.43,1.44,26600
VGI08C1602A,20160122,0.01,0.01,0.01,0.01,1000
VGI11C1606A,20160122,0.56,0.57,0.56,0.56,670800
VGI11P1606A,20160122,0.84,0.87,0.84,0.87,617100
VGI28C1605A,20160122,0.27,0.28,0.26,0.26,4550600
VNG01C1607A,20160122,0.52,0.53,0.52,0.53,31100
WHA01C1601A,20160122,0.02,0.02,0.02,0.02,100100
WHA01C1606A,20160122,0.45,0.45,0.44,0.44,1679200
WHA08C1604A,20160122,0.05,0.06,0.05,0.06,3040600
WHA13C1606A,20160122,0.23,0.24,0.23,0.23,1428800
WHA28C1602A,20160122,0.01,0.01,0.01,0.01,11400
WHA28C1606A,20160122,0.36,0.36,0.35,0.35,1871400
